Barrio_Localidad,CANTIDAD_HURTOS,Domingo,Jueves,Lunes,Martes,Miércoles,Sábado,Viernes,TP27_PERSO,TP9_1_USO,TP9_3_1_NO,TP9_3_2_NO,TP9_3_3_NO,TP9_3_4_NO,TP9_3_5_NO,TP9_3_6_NO,TP9_3_7_NO,TP9_3_8_NO,TP9_3_9_NO,TP9_3_10_N,TP9_3_99_N,Num_Colegios,Num_Cai,Distancia_CAI
11 DE NOVIEMBRE-BARRIOS UNIDOS,163,17,22,28,18,27,21,30,1785.0,588.0,57.0,54.0,92.0,0.0,0.0,0.0,2.0,0.0,0.0,8.0,1.0,0.0,0.0,794.1839955293299
12 DE OCTUBRE-BARRIOS UNIDOS,138,13,19,18,25,21,18,24,4371.0,1427.0,133.0,365.0,136.0,0.0,6.0,14.0,0.0,0.0,0.0,3.0,2.0,2.0,0.0,612.4360505225217
ABRAHAM LINCOLN-TUNJUELITO,120,12,18,14,15,14,21,26,4588.0,1509.0,9.0,70.0,30.0,0.0,4.0,1.0,0.0,0.0,0.0,1.0,0.0,4.0,0.0,684.305863918641
ABRAHAM LINCON-KENNEDY,40,2,6,4,6,9,6,7,1176.0,405.0,0.0,42.0,4.0,0.0,0.0,0.0,2.0,0.0,0.0,1.0,0.0,0.0,0.0,1022.3203888857383
ACACIA IV-CIUDAD BOLÍVAR,62,8,6,12,9,7,8,12,439.0,151.0,0.0,5.0,0.0,0.0,0.0,0.0,0.0,0.0,0.0,0.0,0.0,0.0,0.0,239.90748129663498
ACACIAS SUR-CIUDAD BOLÍVAR,78,5,7,17,15,11,14,9,6265.0,2083.0,2.0,142.0,39.0,0.0,19.0,2.0,0.0,0.0,0.0,0.0,0.0,2.0,0.0,523.5069742443467
ACACIAS-SUBA,58,8,9,5,4,6,11,15,824.0,268.0,0.0,3.0,0.0,0.0,0.0,0.0,0.0,0.0,0.0,0.0,0.0,0.0,0.0,1446.340247591669
ACAPULCO-ENGATIVÁ,54,5,5,9,6,8,7,14,1745.0,623.0,6.0,37.0,22.0,0.0,1.0,2.0,0.0,0.0,0.0,0.0,0.0,1.0,0.0,509.19124591136534
ACAPULCO-SUBA,14,3,0,0,3,0,4,4,20.0,7.0,0.0,0.0,0.0,0.0,0.0,0.0,0.0,0.0,0.0,0.0,0.0,0.0,0.0,719.3479886924108
ACEVEDO TEJADA-TEUSAQUILLO,170,15,25,26,26,30,23,25,2382.0,1155.0,0.0,31.0,33.0,0.0,4.0,0.0,1.0,0.0,0.0,2.0,0.0,3.0,0.0,721.1395489707267
AEROPUERTO EL DORADO-FONTIBÓN,421,57,62,50,64,63,50,75,435.0,218.0,1.0,24.0,17.0,0.0,5.0,0.0,0.0,0.0,0.0,0.0,0.0,0.0,0.0,1502.7261513456122
AGUALINDA-USME,2,1,0,1,0,0,0,0,0.0,0.0,0.0,0.0,0.0,0.0,0.0,0.0,0.0,0.0,0.0,0.0,0.0,0.0,0.0,1866.2481863613282
AGUAS CLARAS-ENGATIVÁ,5,2,0,0,2,0,1,0,1929.0,658.0,1.0,35.0,12.0,0.0,3.0,0.0,2.0,0.0,0.0,1.0,0.0,3.0,0.0,679.7753839699208
AGUAS CLARAS-SAN CRISTÓBAL,34,3,4,4,8,9,3,3,2477.0,710.0,1.0,12.0,12.0,0.0,4.0,126.0,4.0,0.0,1.0,1.0,0.0,1.0,0.0,1695.5284884353134
ALAMEDA DEL SUR-RAFAEL URIBE,43,3,7,7,6,6,9,5,82.0,28.0,0.0,0.0,0.0,0.0,0.0,0.0,0.0,0.0,0.0,0.0,0.0,0.0,0.0,919.1828391457093
ALAMEDA-ENGATIVÁ,43,4,6,4,5,7,10,7,2220.0,716.0,0.0,4.0,0.0,0.0,2.0,0.0,3.0,0.0,0.0,3.0,0.0,0.0,0.0,944.7666872868456
ALAMEDAS DE TIMIZA II-KENNEDY,13,1,1,5,3,1,2,0,1414.0,487.0,0.0,0.0,1.0,0.0,0.0,1.0,0.0,0.0,0.0,0.0,1.0,0.0,0.0,950.9171352725166
ALAMOS NORTE-ENGATIVÁ,257,25,50,29,34,39,46,34,5719.0,1808.0,5.0,336.0,115.0,0.0,1.0,2.0,2.0,0.0,0.0,7.0,1.0,5.0,0.0,1059.6130587599314
ALASKA-SUBA,18,1,4,2,4,2,2,3,941.0,329.0,1.0,1.0,1.0,0.0,0.0,0.0,0.0,0.0,0.0,0.0,0.0,0.0,0.0,1320.6540917481504
ALASKA-USME,21,3,3,4,4,3,3,1,1212.0,358.0,0.0,2.0,4.0,0.0,0.0,18.0,4.0,0.0,0.0,2.0,0.0,0.0,0.0,852.142640520674
ALCALA-PUENTE ARANDA,143,12,22,22,21,18,21,27,9579.0,3015.0,7.0,30.0,3.0,0.0,13.0,0.0,1.0,0.0,0.0,4.0,1.0,4.0,0.0,701.7610617532165
ALEJANDRIA-ENGATIVÁ,1,0,0,1,0,0,0,0,659.0,245.0,1.0,4.0,0.0,0.0,0.0,1.0,1.0,0.0,0.0,0.0,0.0,0.0,0.0,1151.5643593013976
ALFEREZ REAL-KENNEDY,8,0,1,1,2,3,0,1,1311.0,501.0,0.0,7.0,10.0,0.0,0.0,0.0,0.0,0.0,0.0,1.0,0.0,0.0,0.0,596.403429193274
ALFONSO LOPEZ SECTOR BUENOS AIRES-USME,12,2,1,0,5,0,2,2,3313.0,1086.0,0.0,59.0,8.0,0.0,1.0,3.0,0.0,0.0,0.0,9.0,0.0,1.0,0.0,338.7542087177061
ALFONSO LOPEZ SECTOR CHARALA-USME,17,0,4,2,2,5,2,2,1890.0,657.0,0.0,17.0,11.0,0.0,0.0,14.0,0.0,0.0,0.0,3.0,0.0,1.0,0.0,359.34203303599924
ALFONSO LOPEZ SECTOR EL PROGRESO-USME,17,3,6,0,0,4,1,3,4036.0,1206.0,1.0,67.0,10.0,0.0,2.0,6.0,0.0,0.0,0.0,0.0,0.0,1.0,0.0,510.9764059557796
ALFONSO LOPEZ SECTOR LA ALBORADA-USME,14,2,2,0,1,5,1,3,2767.0,915.0,6.0,63.0,19.0,0.0,5.0,5.0,2.0,0.0,0.0,11.0,0.0,1.0,0.0,585.3126063812936
ALFONSO LOPEZ-TEUSAQUILLO,102,5,15,20,14,12,19,17,6408.0,3410.0,18.0,302.0,156.0,0.0,39.0,1.0,1.0,0.0,1.0,13.0,3.0,3.0,0.0,352.6640970236854
ALMIRANTE COLON-SUBA,6,0,0,1,3,1,1,0,0.0,0.0,0.0,0.0,2.0,0.0,0.0,0.0,0.0,0.0,0.0,0.0,0.0,0.0,0.0,1168.5258269375365
ALMIRANTE PADILLA-USME,10,2,2,2,1,1,0,2,1904.0,640.0,2.0,8.0,38.0,0.0,9.0,0.0,0.0,0.0,0.0,4.0,0.0,4.0,0.0,1156.8394606909128
ALMONACID-SUBA,1,1,0,0,0,0,0,0,494.0,171.0,1.0,66.0,13.0,0.0,4.0,0.0,0.0,0.0,0.0,1.0,0.0,2.0,0.0,287.18161599747293
ALQUERIA DE LA FRAGUA-KENNEDY,227,11,37,31,33,40,36,39,16595.0,5281.0,90.0,198.0,129.0,1.0,16.0,8.0,2.0,0.0,0.0,5.0,0.0,4.0,0.0,636.1250307005027
ALSACIA-KENNEDY,92,6,12,16,13,14,14,17,8.0,6.0,5.0,2.0,12.0,0.0,0.0,0.0,0.0,0.0,0.0,0.0,0.0,0.0,0.0,707.6781802817171
ALTAMAR II SECTOR-KENNEDY,3,0,0,0,1,1,1,0,280.0,79.0,2.0,1.0,0.0,0.0,0.0,4.0,0.0,0.0,0.0,0.0,0.0,0.0,0.0,1028.8975453926028
ALTAMAR-KENNEDY,17,1,4,1,2,2,3,4,2981.0,917.0,3.0,34.0,24.0,0.0,2.0,3.0,1.0,0.0,0.0,1.0,0.0,2.0,0.0,869.2668853035514
ALTAMIRA CHIQUITA-SAN CRISTÓBAL,15,3,1,2,5,2,0,2,3113.0,837.0,0.0,19.0,0.0,0.0,1.0,6.0,0.0,0.0,0.0,0.0,0.0,0.0,0.0,787.4511224836622
ALTAMIRA-SAN CRISTÓBAL,64,9,13,7,3,10,9,13,1943.0,596.0,0.0,15.0,2.0,0.0,0.0,16.0,3.0,0.0,0.0,1.0,0.0,1.0,0.0,532.5865786733373
ALTAMIRA-SUBA,5,0,1,1,0,1,0,2,447.0,170.0,0.0,0.0,1.0,0.0,0.0,1.0,0.0,0.0,0.0,0.0,0.0,0.0,0.0,1050.8236643313835
ALTO DE LA TOMA-SUBA,2,1,0,1,0,0,0,0,72.0,25.0,0.0,0.0,0.0,0.0,0.0,0.0,0.0,0.0,0.0,0.0,0.0,0.0,0.0,937.4719202256593
ALTOS DE BELLAVISTA-CHAPINERO,25,6,4,2,1,2,4,6,116.0,45.0,0.0,0.0,0.0,0.0,0.0,0.0,0.0,0.0,0.0,0.0,0.0,0.0,0.0,281.3528453451878
ALTOS DE BETANIA III-USME,2,0,2,0,0,0,0,0,728.0,270.0,0.0,0.0,0.0,0.0,1.0,0.0,0.0,0.0,0.0,1.0,0.0,0.0,0.0,1313.6591478051632
ALTOS DE CHOZICA-SUBA,34,5,4,5,4,8,5,3,414.0,140.0,0.0,2.0,0.0,1.0,1.0,11.0,0.0,0.0,0.0,4.0,0.0,0.0,0.0,946.7433043453846
ALTOS DE JALISCO-CIUDAD BOLÍVAR,15,4,3,1,0,2,3,2,5946.0,1783.0,9.0,36.0,29.0,0.0,10.0,18.0,2.0,0.0,0.0,1.0,0.0,1.0,0.0,463.43904646731596
ALTOS DE LA ESPERANZA I SECTOR-SUBA,3,0,0,1,0,0,0,2,1189.0,396.0,2.0,27.0,10.0,0.0,2.0,3.0,0.0,0.0,0.0,1.0,0.0,1.0,0.0,566.5765161586122
ALTOS DE LA SALLE-CHAPINERO,8,1,2,0,1,1,2,1,295.0,182.0,0.0,0.0,0.0,0.0,0.0,0.0,0.0,0.0,0.0,0.0,0.0,0.0,0.0,214.40820762224882
ALTOS DEL PINO-USME,1,0,0,0,0,1,0,0,1056.0,311.0,0.0,0.0,0.0,0.0,0.0,7.0,0.0,0.0,0.0,0.0,0.0,0.0,0.0,1271.5756304133072
ALTOS DEL RINCON-SUBA,17,1,3,1,4,2,3,3,569.0,164.0,0.0,2.0,0.0,0.0,0.0,3.0,0.0,0.0,0.0,0.0,0.0,0.0,0.0,647.0580867481359
ALVARO BERNAL SEGURA-CIUDAD BOLÍVAR,5,1,1,0,0,3,0,0,1842.0,638.0,0.0,5.0,0.0,0.0,1.0,0.0,0.0,0.0,0.0,1.0,0.0,0.0,0.0,379.3764113230946
AMARUC-BOSA,1,0,0,0,0,1,0,0,886.0,245.0,4.0,10.0,5.0,0.0,1.0,1.0,1.0,0.0,0.0,1.0,0.0,1.0,0.0,778.3857605738535
AMBALEMA LOTES 2 Y 3-FONTIBÓN,1,0,1,0,0,0,0,0,98.0,19.0,1.0,0.0,0.0,0.0,0.0,0.0,1.0,0.0,0.0,0.0,0.0,0.0,0.0,1066.453006324933
AMERICAS OCCIDENTAL IV ETAPA-KENNEDY,10,0,0,1,2,1,4,2,1865.0,582.0,3.0,10.0,2.0,0.0,4.0,0.0,2.0,0.0,0.0,0.0,0.0,1.0,0.0,544.643158710429
ANDALUCIA II SECTOR-KENNEDY,7,0,2,1,1,0,2,1,2540.0,756.0,9.0,27.0,36.0,0.0,4.0,3.0,1.0,0.0,0.0,0.0,0.0,0.0,0.0,1348.8380361766717
ANDALUCIA-BOSA,46,7,9,8,8,7,3,4,124.0,48.0,0.0,9.0,3.0,0.0,1.0,0.0,0.0,0.0,0.0,1.0,0.0,0.0,0.0,364.90388227079774
ANDALUCIA-ENGATIVÁ,4,1,0,1,0,1,0,1,967.0,331.0,0.0,13.0,9.0,0.0,1.0,0.0,0.0,0.0,0.0,2.0,0.0,1.0,0.0,938.4903929804652
ANDALUCIA-KENNEDY,20,3,4,1,2,1,5,4,3475.0,1017.0,15.0,27.0,14.0,0.0,3.0,4.0,1.0,0.0,0.0,0.0,0.0,0.0,0.0,1278.9622277340525
ANDALUCIA-USAQUÉN,26,3,8,2,5,3,3,2,6407.0,2441.0,0.0,11.0,1.0,0.0,0.0,0.0,1.0,0.0,0.0,0.0,0.0,0.0,0.0,863.4024336965224
ANTIGUO COUNTRY-CHAPINERO,596,93,78,34,54,63,165,109,4178.0,2313.0,2.0,92.0,199.0,0.0,1.0,3.0,3.0,0.0,0.0,12.0,2.0,0.0,1.0,362.3447199020388
ANTONIA SANTOS-BOSA,38,4,8,4,7,6,5,4,5460.0,1661.0,4.0,35.0,20.0,0.0,3.0,4.0,2.0,0.0,0.0,1.0,0.0,1.0,1.0,193.43037332147173
ANTONIO MORALES GALVIS-RAFAEL URIBE,18,2,2,1,4,4,4,1,747.0,187.0,0.0,0.0,0.0,0.0,0.0,0.0,0.0,0.0,0.0,0.0,0.0,1.0,0.0,917.267543091729
ARABIA-CIUDAD BOLÍVAR,26,4,4,2,6,3,4,3,2091.0,618.0,0.0,1.0,0.0,0.0,2.0,19.0,2.0,0.0,0.0,5.0,0.0,1.0,0.0,711.6607371175714
ARBOLEDA DE SUBA-SUBA,25,1,6,5,3,7,0,3,0.0,0.0,0.0,0.0,0.0,0.0,0.0,0.0,0.0,0.0,0.0,0.0,0.0,0.0,0.0,1230.1113777834366
ARBOLEDA SUR-RAFAEL URIBE,26,3,3,2,4,4,4,6,206.0,86.0,0.0,1.0,1.0,0.0,0.0,1.0,0.0,0.0,0.0,0.0,0.0,0.0,0.0,425.3068560573518
ARBOLETE-KENNEDY,4,2,1,0,0,1,0,0,0.0,0.0,0.0,0.0,0.0,0.0,0.0,0.0,0.0,0.0,0.0,0.0,0.0,0.0,0.0,383.6261323245342
ARBORIZADORA ALTA-CIUDAD BOLÍVAR,200,25,31,23,33,21,37,30,22011.0,6353.0,2.0,60.0,11.0,0.0,14.0,72.0,69.0,0.0,0.0,4.0,0.0,3.0,1.0,294.89796588547784
ARBORIZADORA BAJA-CIUDAD BOLÍVAR,86,10,13,13,12,13,10,15,10181.0,3112.0,6.0,67.0,27.0,0.0,5.0,1.0,1.0,0.0,0.0,3.0,2.0,3.0,0.0,275.496053265487
ARCOS DE BRITALIA-SUBA,5,1,0,0,0,2,1,1,0.0,0.0,0.0,0.0,0.0,0.0,0.0,0.0,0.0,0.0,0.0,0.0,0.0,0.0,0.0,582.76607772484
ARGELIA II-BOSA,3,2,1,0,0,0,0,0,114.0,31.0,0.0,0.0,0.0,0.0,0.0,0.0,0.0,0.0,0.0,0.0,0.0,0.0,0.0,390.88761090356655
ARGELIA-BOSA,30,2,4,4,10,6,1,3,591.0,194.0,1.0,2.0,1.0,0.0,1.0,0.0,0.0,0.0,0.0,0.0,0.0,1.0,0.0,161.78640849669515
ARGELIA-KENNEDY,14,2,1,2,1,2,3,3,2172.0,689.0,63.0,57.0,31.0,0.0,0.0,1.0,0.0,0.0,0.0,2.0,0.0,2.0,0.0,757.9615367801495
ARIZONA-USME,1,0,1,0,0,0,0,0,1082.0,331.0,1.0,7.0,4.0,0.0,0.0,4.0,0.0,0.0,0.0,1.0,0.0,0.0,0.0,1297.21438712371
ARMENIA-TEUSAQUILLO,155,17,31,26,20,21,18,22,2111.0,1093.0,6.0,71.0,72.0,0.0,16.0,1.0,2.0,0.0,0.0,1.0,0.0,2.0,0.0,524.6483246229384
ATAHUALPA-FONTIBÓN,78,11,10,7,10,14,12,14,7716.0,2657.0,21.0,99.0,124.0,0.0,0.0,4.0,2.0,0.0,0.0,12.0,0.0,1.0,0.0,449.5561954699632
ATANASIO GIRARDOT-SANTA FE,8,0,1,1,2,0,2,2,3430.0,1079.0,0.0,26.0,9.0,0.0,4.0,9.0,11.0,0.0,0.0,3.0,0.0,1.0,0.0,137.11850223927928
ATARDECERES DE SUBA-SUBA,1,0,1,0,0,0,0,0,911.0,332.0,0.0,6.0,0.0,0.0,0.0,0.0,0.0,0.0,0.0,0.0,0.0,0.0,0.0,962.8300717140701
ATENAS I-SAN CRISTÓBAL,9,1,3,3,0,1,0,1,1466.0,404.0,0.0,11.0,1.0,0.0,0.0,1.0,1.0,0.0,0.0,1.0,0.0,0.0,0.0,500.2860050801979
ATENAS-SAN CRISTÓBAL,35,8,5,5,4,6,5,2,6409.0,1818.0,5.0,66.0,32.0,1.0,3.0,10.0,3.0,0.0,0.0,0.0,0.0,4.0,0.0,290.59113362921835
ATENAS-SUBA,24,2,4,3,3,4,4,4,889.0,295.0,0.0,2.0,0.0,0.0,1.0,0.0,1.0,0.0,0.0,1.0,0.0,1.0,0.0,965.1790601790058
ATLANTA-CIUDAD BOLÍVAR,18,1,3,2,2,4,3,3,10108.0,3889.0,3.0,14.0,13.0,0.0,1.0,0.0,11.0,0.0,0.0,12.0,0.0,1.0,0.0,1329.76754913589
AURES I-SUBA,164,16,25,22,33,23,25,20,6092.0,2078.0,2.0,77.0,20.0,0.0,6.0,5.0,1.0,0.0,0.0,1.0,0.0,3.0,1.0,35.745341920188984
AURES II-SUBA,137,22,26,15,14,23,16,21,13853.0,4761.0,9.0,198.0,129.0,0.0,8.0,11.0,5.0,0.0,0.0,3.0,0.0,9.0,0.0,670.1216364303486
AUTOPISTA MEDELLIN-ENGATIVÁ,22,1,5,1,3,4,6,2,3018.0,1093.0,5.0,37.0,22.0,0.0,7.0,0.0,2.0,0.0,0.0,5.0,1.0,1.0,0.0,756.5710351644467
AVENIDA CARACAS-RAFAEL URIBE,131,12,21,17,24,24,12,21,1025.0,294.0,0.0,12.0,10.0,0.0,1.0,0.0,1.0,0.0,0.0,0.0,0.0,0.0,0.0,496.8219566013122
AVENIDA CUNDINAMARCA-KENNEDY,1,0,0,0,0,0,0,1,580.0,108.0,1.0,12.0,10.0,0.0,0.0,0.0,0.0,0.0,0.0,0.0,0.0,0.0,0.0,983.9126100039007
BAHIA SOLANO-FONTIBÓN,11,0,3,2,2,2,0,2,1869.0,668.0,12.0,37.0,42.0,0.0,2.0,8.0,1.0,0.0,1.0,0.0,0.0,1.0,0.0,247.07032835921808
BALCONES DE SUBA-SUBA,9,1,0,1,1,2,2,2,0.0,0.0,0.0,0.0,0.0,0.0,0.0,0.0,0.0,0.0,0.0,0.0,0.0,0.0,0.0,1183.0533960937903
BALCONES DE VISTA HERMOSA-USAQUÉN,5,0,1,0,3,0,1,0,834.0,238.0,1.0,5.0,2.0,0.0,0.0,0.0,0.0,0.0,0.0,0.0,0.0,0.0,0.0,529.6705556937204
BANCO CENTRAL-TEUSAQUILLO,33,5,5,5,6,2,7,3,2373.0,1295.0,2.0,116.0,77.0,0.0,8.0,7.0,1.0,0.0,0.0,2.0,0.0,1.0,0.0,471.4977855733193
BANDERAS-KENNEDY,315,16,43,49,56,56,32,63,2423.0,811.0,0.0,1.0,4.0,1.0,0.0,0.0,0.0,0.0,0.0,0.0,0.0,0.0,0.0,504.55862236779956
BAQUERO-BARRIOS UNIDOS,46,10,6,3,6,7,5,9,2053.0,993.0,6.0,30.0,42.0,0.0,1.0,0.0,1.0,0.0,0.0,1.0,0.0,2.0,0.0,477.74168309059775
BARCELONA SUR ORIENTAL-SAN CRISTÓBAL,5,1,0,0,1,2,1,0,3094.0,976.0,1.0,34.0,10.0,0.0,0.0,2.0,1.0,0.0,0.0,1.0,0.0,0.0,0.0,198.0995946890941
BARCELONA-PUENTE ARANDA,32,2,4,5,5,9,2,5,4199.0,1339.0,21.0,72.0,67.0,0.0,5.0,0.0,2.0,0.0,0.0,2.0,0.0,5.0,0.0,526.3775286881486
BARLOVENTO-CIUDAD BOLÍVAR,11,0,2,0,1,1,3,4,12.0,4.0,14.0,4.0,1.0,0.0,2.0,2.0,1.0,0.0,0.0,1.0,1.0,0.0,0.0,870.7346580567051
BARRANCAS ALTO-USAQUÉN,9,0,1,0,3,2,2,1,527.0,152.0,0.0,0.0,0.0,0.0,0.0,1.0,0.0,0.0,0.0,0.0,0.0,0.0,0.0,880.3346461196444
BARRANCAS II SECTOR-USAQUÉN,6,0,2,1,1,1,0,1,1096.0,356.0,3.0,12.0,8.0,0.0,0.0,0.0,1.0,0.0,0.0,0.0,0.0,0.0,0.0,815.3998894975771
BARRANCAS NORTE-USAQUÉN,85,8,12,10,18,12,6,19,11349.0,3610.0,11.0,31.0,39.0,0.0,6.0,1.0,7.0,0.0,0.0,1.0,0.0,4.0,0.0,661.2614431952022
BARRANCAS PERLAS DEL NORTE-USAQUÉN,4,0,0,0,1,0,1,2,4757.0,1698.0,7.0,29.0,20.0,1.0,3.0,2.0,1.0,0.0,0.0,1.0,0.0,4.0,0.0,937.453242498594
BARRANCAS-USAQUÉN,67,2,15,8,13,11,6,12,762.0,212.0,3.0,0.0,4.0,0.0,0.0,2.0,0.0,0.0,0.0,4.0,0.0,0.0,0.0,1069.2998134303855
BARRANQUILLITA-KENNEDY,12,1,0,0,2,2,4,3,4194.0,1423.0,39.0,99.0,29.0,0.0,5.0,3.0,1.0,1.0,0.0,1.0,0.0,0.0,0.0,551.5710984561598
BARRANQUILLITA-USME,24,1,2,1,5,4,7,4,1307.0,415.0,0.0,14.0,14.0,0.0,0.0,12.0,15.0,0.0,0.0,1.0,0.0,0.0,0.0,718.2491243629104
BATALLON CALDAS-PUENTE ARANDA,2,0,0,1,1,0,0,0,73.0,34.0,0.0,0.0,0.0,0.0,3.0,0.0,2.0,0.0,0.0,0.0,0.0,0.0,0.0,617.7915352025115
BATAVIA-FONTIBÓN,15,1,6,1,1,3,0,3,339.0,104.0,0.0,0.0,13.0,0.0,0.0,0.0,0.0,0.0,0.0,1.0,0.0,0.0,0.0,597.1176823984415
BAVARIA TECHO II SECTOR-KENNEDY,2,0,0,0,0,1,0,1,2218.0,843.0,2.0,28.0,38.0,2.0,0.0,2.0,1.0,0.0,0.0,8.0,0.0,1.0,0.0,606.1710002320408
BELALCAZAR-TEUSAQUILLO,142,9,34,21,17,25,23,13,5442.0,2811.0,18.0,78.0,109.0,2.0,9.0,0.0,1.0,1.0,0.0,3.0,0.0,1.0,0.0,540.0452503763587
BELEN-CANDELARIA,44,4,8,11,9,4,1,7,2530.0,1205.0,5.0,117.0,58.0,1.0,3.0,5.0,0.0,0.0,0.0,5.0,0.0,1.0,0.0,259.3171414755927
BELLA ESTANCIA-CIUDAD BOLÍVAR,6,1,1,1,1,0,1,1,745.0,194.0,1.0,2.0,1.0,0.0,0.0,0.0,0.0,0.0,0.0,0.0,0.0,0.0,0.0,1054.0813870214588
BELLA FLOR SUR-CIUDAD BOLÍVAR,14,1,0,1,2,4,1,5,2032.0,607.0,0.0,0.0,0.0,0.0,0.0,42.0,1.0,0.0,0.0,0.0,0.0,0.0,0.0,771.4129345241781
BELLA FLOR-CIUDAD BOLÍVAR,24,2,6,4,1,4,0,7,4842.0,1562.0,1.0,2.0,6.0,1.0,9.0,47.0,6.0,0.0,0.0,15.0,0.0,1.0,0.0,674.4222173696487
BELLA SUIZA-USAQUÉN,252,12,46,28,49,58,25,34,6841.0,3721.0,0.0,19.0,104.0,39.0,2.0,1.0,11.0,0.0,0.0,5.0,0.0,1.0,0.0,308.793535172933
BELLAVISTA ALTA-USME,4,1,1,0,1,0,1,0,1407.0,441.0,2.0,9.0,3.0,0.0,0.0,3.0,0.0,0.0,0.0,0.0,0.0,0.0,0.0,268.456837341774
BELLAVISTA II SECTOR-USME,3,0,0,1,0,0,2,0,366.0,119.0,0.0,3.0,1.0,0.0,0.0,1.0,0.0,0.0,0.0,2.0,0.0,0.0,0.0,204.455969735143
BELLAVISTA OCCIDENTAL-ENGATIVÁ,78,7,14,13,11,10,8,15,4244.0,1434.0,17.0,70.0,68.0,0.0,7.0,3.0,2.0,0.0,0.0,1.0,1.0,3.0,0.0,773.4759467717863
BELLAVISTA SUR ORIENTAL-SAN CRISTÓBAL,19,3,4,4,3,1,1,3,715.0,234.0,0.0,13.0,10.0,0.0,2.0,3.0,0.0,0.0,0.0,1.0,0.0,1.0,0.0,906.3038489793391
BELLAVISTA-ENGATIVÁ,66,6,10,5,7,16,10,12,3832.0,1312.0,21.0,93.0,74.0,0.0,0.0,4.0,0.0,1.0,0.0,3.0,1.0,3.0,0.0,618.0409825564467
BELLAVISTA-KENNEDY,35,7,3,3,9,3,6,4,2358.0,789.0,13.0,59.0,12.0,0.0,1.0,1.0,0.0,0.0,0.0,2.0,0.0,0.0,0.0,1292.7019217902418
BELLAVISTA-SUBA,7,3,0,1,0,0,1,2,52.0,15.0,0.0,0.0,0.0,0.0,0.0,0.0,0.0,0.0,0.0,0.0,0.0,0.0,0.0,1210.3678443274825
BELLO HORIZONTE II SECTOR-SAN CRISTÓBAL,9,1,0,0,1,3,2,2,1302.0,473.0,0.0,18.0,2.0,0.0,4.0,5.0,1.0,0.0,0.0,0.0,0.0,2.0,1.0,107.3741178463964
BELLO HORIZONTE-SAN CRISTÓBAL,74,6,16,5,13,14,10,10,11774.0,3973.0,2.0,57.0,16.0,0.0,8.0,7.0,4.0,0.0,0.0,4.0,0.0,0.0,0.0,403.670961132378
BELMIRA-USAQUÉN,68,3,12,13,9,6,10,15,1075.0,386.0,0.0,0.0,2.0,0.0,0.0,0.0,2.0,0.0,0.0,0.0,0.0,0.0,0.0,1256.481308674832
BENJAMIN HERRERA-BARRIOS UNIDOS,34,2,8,4,5,3,5,7,1655.0,603.0,33.0,239.0,174.0,0.0,9.0,0.0,0.0,0.0,0.0,1.0,1.0,2.0,0.0,501.04705457617627
BERLIN-SUBA,42,6,6,4,10,7,0,9,9743.0,3217.0,14.0,246.0,63.0,0.0,4.0,18.0,2.0,0.0,0.0,6.0,1.0,2.0,0.0,1034.5769424940565
BETANIA-BOSA,50,3,9,7,13,10,5,3,5624.0,1480.0,57.0,167.0,73.0,0.0,5.0,5.0,0.0,0.0,0.0,13.0,2.0,4.0,0.0,333.08986502621525
BOCHICA COMPARTIR-ENGATIVÁ,44,4,9,4,4,11,6,6,5093.0,1798.0,0.0,0.0,0.0,0.0,1.0,1.0,0.0,0.0,0.0,0.0,0.0,1.0,0.0,532.8057950091027
BOGOTA SECTOR TEQUENDAMA-CIUDAD BOLÍVAR,15,1,1,2,1,3,4,3,695.0,183.0,1.0,1.0,0.0,0.0,1.0,0.0,1.0,0.0,0.0,0.0,0.0,0.0,0.0,677.8084153469897
BOITA II SECTOR-KENNEDY,22,0,6,2,2,4,4,4,1626.0,568.0,3.0,28.0,15.0,0.0,1.0,0.0,1.0,0.0,1.0,0.0,0.0,0.0,0.0,348.0925320432622
BOLIVIA-ENGATIVÁ,198,19,34,20,31,35,25,34,71.0,20.0,0.0,0.0,1.0,0.0,0.0,0.0,0.0,0.0,1.0,0.0,0.0,0.0,0.0,511.01377902234134
BOLONIA-USME,19,0,2,4,3,3,3,4,68.0,23.0,0.0,0.0,0.0,0.0,0.0,6.0,8.0,0.0,0.0,0.0,0.0,0.0,0.0,1029.25298972229
BOMBAY-KENNEDY,5,0,2,0,0,2,1,0,842.0,235.0,2.0,1.0,0.0,0.0,0.0,0.0,1.0,0.0,0.0,0.0,0.0,0.0,0.0,834.8149546020854
BONANZA SUR-CIUDAD BOLÍVAR,13,0,2,4,3,3,0,1,1197.0,290.0,1.0,17.0,2.0,0.0,0.0,0.0,0.0,0.0,0.0,0.0,0.0,0.0,0.0,1180.6335771459228
BOSA NOVA II SECTOR-BOSA,33,1,5,5,8,3,5,6,50.0,18.0,0.0,33.0,1.0,0.0,0.0,1.0,0.0,0.0,0.0,0.0,1.0,0.0,0.0,451.08554993850674
BOSA NOVA-BOSA,187,21,26,18,27,28,28,39,1599.0,401.0,4.0,45.0,6.0,0.0,6.0,0.0,2.0,0.0,0.0,2.0,0.0,1.0,0.0,551.7548376327933
BOSA-BOSA,1626,190,234,226,239,256,224,257,819.0,289.0,5.0,80.0,30.0,1.0,23.0,6.0,1.0,0.0,0.0,1.0,2.0,3.0,0.0,394.2688658199063
BOSQUE CALDERON TEJADA II SECTOR-CHAPINERO,1,0,0,0,1,0,0,0,0.0,0.0,0.0,0.0,0.0,0.0,0.0,0.0,0.0,0.0,0.0,0.0,0.0,0.0,0.0,622.2584078082768
BOSQUE CALDERON TEJADA-CHAPINERO,7,0,2,1,0,1,1,2,2312.0,634.0,0.0,10.0,5.0,0.0,0.0,9.0,1.0,0.0,0.0,0.0,0.0,1.0,0.0,790.6343216432449
BOSQUE CALDERON-CHAPINERO,83,12,14,5,15,12,13,12,4649.0,3079.0,0.0,53.0,44.0,0.0,3.0,1.0,4.0,1.0,0.0,11.0,0.0,1.0,0.0,569.0974891204053
BOSQUE DE GRATAMIRA-SUBA,3,0,2,0,1,0,0,0,0.0,0.0,0.0,0.0,0.0,0.0,0.0,0.0,0.0,0.0,0.0,0.0,0.0,0.0,0.0,1031.0117351378192
BOSQUE DE LOS PINOS-USAQUÉN,4,0,1,0,2,1,0,0,480.0,145.0,2.0,6.0,2.0,0.0,0.0,1.0,0.0,0.0,0.0,0.0,0.0,0.0,0.0,766.7131416243188
BOSQUE DE SAN CARLOS-RAFAEL URIBE,45,5,8,9,10,6,5,2,5057.0,1822.0,0.0,1.0,1.0,0.0,0.0,0.0,2.0,0.0,0.0,0.0,0.0,0.0,0.0,563.4220337006839
BOSQUE DE SORATAMA-USAQUÉN,2,0,0,0,0,0,2,0,935.0,343.0,2.0,1.0,1.0,0.0,0.0,1.0,0.0,0.0,0.0,0.0,0.0,0.0,0.0,722.1612923970772
BOSQUE EL RETIRO-CHAPINERO,3,0,2,0,0,1,0,0,154.0,62.0,0.0,0.0,0.0,0.0,0.0,0.0,0.0,0.0,0.0,1.0,0.0,0.0,0.0,671.3940521135804
BOSQUE IZQUIERDO-SANTA FE,23,1,6,2,2,6,2,4,840.0,644.0,0.0,3.0,18.0,0.0,2.0,6.0,11.0,0.0,0.0,0.0,0.0,1.0,0.0,359.3856962840589
BOSQUE POPULAR-ENGATIVÁ,240,18,44,27,35,28,51,37,5839.0,2051.0,12.0,112.0,90.0,0.0,11.0,3.0,1.0,0.0,0.0,3.0,0.0,4.0,0.0,1248.092913633672
BOSQUES DE CASTILLA-KENNEDY,44,4,7,3,6,4,8,12,2679.0,1076.0,1.0,0.0,7.0,0.0,1.0,0.0,0.0,0.0,0.0,0.0,0.0,0.0,0.0,833.3794921356637
BOSQUES DE KARON-CHAPINERO,2,0,0,0,1,0,1,0,90.0,32.0,0.0,1.0,1.0,0.0,0.0,5.0,0.0,0.0,0.0,0.0,0.0,0.0,0.0,1394.905616085046
BOSQUES DE MARIANA-ENGATIVÁ,54,3,6,5,9,8,11,12,10412.0,3275.0,13.0,63.0,18.0,0.0,8.0,4.0,4.0,0.0,0.0,2.0,0.0,4.0,0.0,545.752619808975
BOSQUES DE NORMANDIA-ENGATIVÁ,13,2,0,2,1,1,3,4,0.0,0.0,0.0,0.0,0.0,0.0,0.0,0.0,0.0,0.0,0.0,0.0,0.0,0.0,0.0,448.7776816988853
BOSQUES DE SAN JORGE-SUBA,13,2,1,1,2,3,3,1,0.0,0.0,0.0,0.0,0.0,0.0,0.0,0.0,0.0,0.0,0.0,0.0,0.0,0.0,0.0,618.3645729838206
BOSQUES DE SAN JOSE-RAFAEL URIBE,8,0,0,2,2,1,2,1,1132.0,336.0,0.0,2.0,0.0,0.0,0.0,0.0,0.0,0.0,0.0,0.0,0.0,0.0,0.0,901.9597049583238
BOSQUES DEL PORTAL-SUBA,2,0,1,0,0,1,0,0,0.0,0.0,0.0,0.0,0.0,0.0,0.0,0.0,0.0,0.0,0.0,0.0,0.0,0.0,0.0,378.9157618480508
BOSQUES DEL SALITRE-TEUSAQUILLO,17,4,3,1,1,3,2,3,628.0,206.0,0.0,0.0,0.0,0.0,0.0,0.0,2.0,0.0,0.0,0.0,0.0,0.0,0.0,1066.9305695754044
BOSTON-FONTIBÓN,20,1,2,1,4,6,2,4,5036.0,1591.0,41.0,264.0,91.0,0.0,1.0,2.0,2.0,0.0,0.0,6.0,1.0,3.0,0.0,878.7025015121069
BOYACA-ENGATIVÁ,116,5,14,21,16,15,21,24,14628.0,3845.0,143.0,446.0,238.0,0.0,12.0,8.0,2.0,1.0,0.0,20.0,0.0,4.0,0.0,863.9242890016438
BRASILIA I SECTOR-BOSA,57,4,8,4,9,13,6,13,4718.0,1422.0,10.0,119.0,47.0,0.0,9.0,3.0,1.0,0.0,0.0,3.0,1.0,1.0,1.0,58.76857024464084
BRASILIA II SECTOR-BOSA,18,1,1,3,5,2,3,3,5241.0,1646.0,10.0,105.0,35.0,0.0,3.0,3.0,0.0,0.0,0.0,3.0,0.0,3.0,0.0,355.8547454820588
BRASILIA III SECTOR-BOSA,9,1,0,0,2,2,3,1,4167.0,1636.0,21.0,41.0,12.0,0.0,1.0,6.0,1.0,0.0,0.0,0.0,1.0,1.0,0.0,654.8732524346946
BRASILIA SUR-USME,17,1,2,2,4,1,1,6,2654.0,863.0,1.0,81.0,5.0,0.0,1.0,0.0,3.0,0.0,0.0,0.0,0.0,1.0,0.0,798.7095780795279
BRAVO PAEZ-RAFAEL URIBE,91,11,12,9,15,15,10,19,3838.0,1351.0,53.0,101.0,30.0,1.0,6.0,4.0,2.0,0.0,0.0,2.0,0.0,2.0,0.0,620.8853392518366
BRAZUELOS OCCIDENTAL-CIUDAD BOLÍVAR,3,0,0,0,1,1,0,1,0.0,0.0,1.0,0.0,0.0,0.0,0.0,1.0,0.0,0.0,0.0,0.0,0.0,0.0,0.0,1046.4100934469695
BRAZUELOS OCCIDENTAL-USME,10,1,1,0,2,3,1,2,0.0,0.0,0.0,0.0,0.0,0.0,0.0,2.0,0.0,0.0,0.0,0.0,0.0,0.0,0.0,855.9688353391225
BRISAS DEL GALAN-PUENTE ARANDA,10,2,4,0,1,1,2,0,243.0,36.0,0.0,1.0,3.0,0.0,0.0,0.0,0.0,0.0,0.0,0.0,0.0,0.0,0.0,632.0905035058513
BRISAS DEL LLANO-USME,2,0,0,0,0,1,0,1,300.0,106.0,0.0,0.0,0.0,0.0,0.0,12.0,0.0,0.0,0.0,2.0,0.0,0.0,0.0,771.3034814989053
BRISAS DEL VOLADOR-CIUDAD BOLÍVAR,13,1,0,3,2,0,4,3,718.0,257.0,0.0,0.0,0.0,0.0,0.0,3.0,2.0,0.0,0.0,0.0,0.0,0.0,0.0,726.622153190898
BRITALIA SECTOR LA MONEDA-SUBA,1,0,0,1,0,0,0,0,0.0,0.0,0.0,0.0,0.0,0.0,0.0,0.0,0.0,0.0,0.0,0.0,0.0,0.0,0.0,766.3620336180562
BUENAVISTA SURORIENTAL-SAN CRISTÓBAL,1,1,0,0,0,0,0,0,608.0,155.0,0.0,4.0,0.0,0.0,0.0,1.0,0.0,0.0,0.0,2.0,0.0,0.0,0.0,345.592091813611
BUENOS AIRES III SECTOR-CIUDAD BOLÍVAR,1,0,0,0,0,0,1,0,213.0,62.0,1.0,1.0,0.0,0.0,0.0,1.0,1.0,0.0,0.0,0.0,0.0,0.0,0.0,660.1772845670994
BUENOS AIRES III SECTOR-SAN CRISTÓBAL,1,0,0,0,0,0,0,1,434.0,99.0,1.0,11.0,0.0,0.0,0.0,0.0,0.0,0.0,0.0,0.0,0.0,0.0,0.0,956.2293814955934
BUENOS AIRES-CIUDAD BOLÍVAR,4,1,0,0,1,0,1,1,1025.0,365.0,1.0,8.0,6.0,0.0,1.0,0.0,0.0,0.0,0.0,0.0,1.0,1.0,0.0,411.32434749176974
BUENOS AIRES-SAN CRISTÓBAL,29,1,6,5,3,6,3,5,0.0,0.0,0.0,0.0,0.0,0.0,2.0,0.0,1.0,0.0,0.0,0.0,0.0,0.0,0.0,499.90352833206947
BUENOS AIRES-USME,1,0,1,0,0,0,0,0,152.0,46.0,0.0,0.0,0.0,0.0,0.0,0.0,0.0,0.0,0.0,0.0,0.0,0.0,0.0,599.5869647169861
BULEVAR DEL SUR-USME,3,1,0,1,0,0,1,0,962.0,298.0,5.0,7.0,5.0,0.0,0.0,19.0,1.0,0.0,0.0,0.0,0.0,0.0,0.0,824.7492518447675
CALANDAIMA-KENNEDY,69,8,4,4,15,9,17,12,6483.0,1974.0,31.0,110.0,60.0,0.0,2.0,1.0,1.0,0.0,0.0,2.0,0.0,1.0,0.0,709.5962238420715
CALDAS-BOSA,7,0,2,1,1,0,1,2,3835.0,788.0,7.0,59.0,14.0,0.0,0.0,6.0,0.0,0.0,0.0,7.0,0.0,0.0,0.0,904.4916949999891
CALIMA NORTE-SUBA,3,1,1,0,0,0,1,0,721.0,263.0,9.0,23.0,24.0,0.0,0.0,2.0,0.0,0.0,0.0,0.0,0.0,0.0,0.0,623.1590104962069
CALVO SUR-SAN CRISTÓBAL,51,3,6,8,8,8,9,9,2881.0,999.0,6.0,4.0,7.0,1.0,5.0,5.0,1.0,0.0,0.0,2.0,0.0,0.0,1.0,126.31974959532639
CAMA VIEJA-TEUSAQUILLO,3,0,0,0,0,1,1,1,0.0,0.0,0.0,0.0,0.0,0.0,0.0,0.0,0.0,0.0,0.0,0.0,0.0,0.0,0.0,1392.8385419128595
CAMELIA II SECTOR-PUENTE ARANDA,2,1,0,1,0,0,0,0,505.0,137.0,0.0,0.0,0.0,0.0,0.0,0.0,1.0,0.0,0.0,0.0,0.0,1.0,0.0,730.4343247892116
CAMILO TORRES-PUENTE ARANDA,6,0,2,0,0,1,1,2,0.0,0.0,0.0,0.0,0.0,0.0,0.0,0.0,0.0,0.0,0.0,0.0,0.0,0.0,0.0,1585.1249316240865
CAMINO VIEJO DE SAN CRISTOBAL-SAN CRISTÓBAL,2,1,0,0,0,0,1,0,1113.0,325.0,3.0,1.0,1.0,0.0,1.0,1.0,0.0,0.0,0.0,0.0,0.0,0.0,0.0,617.6884732395417
CAMPANELLA-SUBA,13,1,3,1,1,3,2,2,3940.0,1563.0,0.0,1.0,10.0,0.0,0.0,0.0,0.0,0.0,0.0,0.0,0.0,0.0,0.0,303.511687173651
CAMPO HERMOSO-BOSA,6,2,2,0,0,1,0,1,401.0,129.0,1.0,3.0,1.0,0.0,0.0,0.0,0.0,0.0,0.0,1.0,0.0,0.0,0.0,878.3105494174725
CAMPO HERMOSO-KENNEDY,8,0,2,1,3,1,0,1,4186.0,1296.0,4.0,70.0,37.0,0.0,4.0,26.0,2.0,0.0,0.0,2.0,0.0,2.0,0.0,451.8390052677726
CANAIMA-USAQUÉN,36,3,4,4,9,8,4,4,1798.0,612.0,17.0,36.0,22.0,0.0,2.0,3.0,0.0,0.0,0.0,5.0,0.0,0.0,0.0,976.8087449375546
CANODROMO-SUBA,67,4,10,6,11,12,8,16,276.0,141.0,0.0,3.0,11.0,0.0,0.0,0.0,0.0,0.0,0.0,0.0,0.0,0.0,0.0,397.3508028828092
CANTALEJO SECTOR ALEJANDRIA-SUBA,30,3,4,3,3,7,4,6,48.0,16.0,4.0,4.0,2.0,0.0,0.0,1.0,0.0,0.0,0.0,0.0,0.0,0.0,0.0,337.3575384366899
CANTALEJO-SUBA,75,4,14,10,14,8,6,19,6695.0,2494.0,4.0,87.0,43.0,0.0,2.0,12.0,4.0,0.0,0.0,9.0,0.0,2.0,0.0,565.3750127679507
CAPELLANIA-FONTIBÓN,113,9,20,13,13,22,15,21,11414.0,4302.0,1.0,57.0,58.0,0.0,6.0,1.0,25.0,0.0,1.0,2.0,1.0,0.0,0.0,905.0593792449063
CARACAS-ANTONIO NARIÑO,64,8,13,5,9,7,8,14,1443.0,460.0,4.0,4.0,4.0,0.0,2.0,2.0,1.0,0.0,0.0,0.0,0.0,1.0,0.0,295.47479707044954
CARACOLI-CIUDAD BOLÍVAR,65,5,13,8,5,12,12,10,7990.0,2174.0,5.0,116.0,30.0,0.0,5.0,26.0,1.0,0.0,1.0,21.0,0.0,0.0,0.0,1008.7465791327952
CARIMAGUA I SECTOR-KENNEDY,81,9,10,6,16,19,10,11,5221.0,1711.0,3.0,3.0,2.0,0.0,1.0,2.0,1.0,0.0,0.0,1.0,0.0,0.0,0.0,1079.1630517352137
CARLOS LLERAS RESTREPO-FONTIBÓN,41,2,2,9,10,5,3,10,7397.0,3156.0,4.0,33.0,53.0,0.0,1.0,0.0,2.0,2.0,3.0,1.0,0.0,0.0,0.0,819.2518773489829
CARMEN DEL SOL-RAFAEL URIBE,13,1,3,0,3,4,1,1,2341.0,768.0,2.0,4.0,4.0,0.0,0.0,1.0,3.0,0.0,0.0,1.0,1.0,0.0,0.0,800.4185414675102
CAROLINA ORIENTAL-CHAPINERO,4,1,0,1,1,0,0,1,0.0,0.0,0.0,0.0,0.0,0.0,0.0,1.0,0.0,0.0,0.0,0.0,0.0,0.0,0.0,555.8777822629188
CARTAGENA-SANTA FE,8,1,0,0,1,2,2,2,827.0,261.0,0.0,9.0,5.0,0.0,0.0,4.0,1.0,0.0,0.0,0.0,0.0,0.0,0.0,564.1196510098225
CARVAJAL-KENNEDY,372,65,50,52,40,42,75,48,11930.0,4048.0,824.0,539.0,459.0,1.0,14.0,16.0,3.0,0.0,0.0,9.0,4.0,3.0,1.0,389.4019161960612
CASA BLANCA I-SUBA,3,0,2,0,0,0,0,1,3581.0,1322.0,0.0,4.0,0.0,0.0,4.0,2.0,0.0,0.0,0.0,2.0,0.0,2.0,0.0,1529.5784993036114
CASA BLANCA II-SUBA,7,0,2,0,2,2,1,0,645.0,235.0,0.0,5.0,1.0,0.0,2.0,1.0,0.0,0.0,0.0,0.0,0.0,0.0,0.0,1647.1436052716367
CASA BLANCA NORTE-USAQUÉN,6,3,1,0,0,1,0,1,664.0,237.0,1.0,4.0,5.0,0.0,6.0,1.0,0.0,0.0,0.0,0.0,0.0,0.0,0.0,532.7932733792022
CASA DE TEJA-CIUDAD BOLÍVAR,35,0,4,6,4,6,6,9,680.0,226.0,0.0,0.0,0.0,0.0,0.0,5.0,0.0,0.0,0.0,0.0,0.0,0.0,0.0,1009.529728370043
CASA GRANDE-CIUDAD BOLÍVAR,16,2,4,1,1,2,1,5,243.0,64.0,0.0,1.0,3.0,0.0,0.0,0.0,1.0,0.0,0.0,0.0,0.0,0.0,0.0,926.3687529440707
CASA LOMA-KENNEDY,10,1,2,1,1,2,2,1,179.0,40.0,5.0,0.0,0.0,0.0,0.0,0.0,0.0,0.0,0.0,0.0,0.0,0.0,0.0,361.49052486112316
CASA REY-USME,4,0,1,0,0,2,1,0,2191.0,689.0,5.0,12.0,10.0,0.0,3.0,0.0,1.0,0.0,0.0,0.0,0.0,1.0,0.0,274.59206501660236
CASABLANCA I-KENNEDY,108,9,21,10,14,16,17,21,3250.0,1222.0,0.0,14.0,3.0,0.0,1.0,0.0,1.0,0.0,0.0,0.0,0.0,1.0,0.0,528.8779429626776
CASALOMA-USME,3,1,0,0,0,0,2,0,922.0,292.0,0.0,4.0,1.0,0.0,0.0,7.0,2.0,0.0,0.0,5.0,0.0,0.0,0.0,1149.0811788847805
CASAVIANCA-CIUDAD BOLÍVAR,5,0,0,1,2,1,0,1,2072.0,738.0,7.0,37.0,22.0,0.0,2.0,4.0,1.0,0.0,3.0,0.0,0.0,0.0,0.0,348.4482776775254
CASTILLA LA NUEVA-KENNEDY,77,4,7,6,17,13,13,17,3689.0,1445.0,1.0,15.0,7.0,0.0,0.0,0.0,5.0,0.0,0.0,0.0,0.0,1.0,0.0,797.2674507766809
CASTILLA REAL-KENNEDY,54,2,8,5,13,9,10,7,16565.0,6835.0,35.0,26.0,11.0,0.0,0.0,5.0,1.0,0.0,2.0,4.0,1.0,0.0,1.0,555.9408235616614
CASTILLA-KENNEDY,664,59,91,74,119,101,102,118,4242.0,1407.0,7.0,79.0,46.0,4.0,13.0,3.0,9.0,0.0,0.0,4.0,0.0,7.0,0.0,361.60196618409117
CATALINA-KENNEDY,92,10,14,17,12,9,9,21,8909.0,2622.0,3.0,65.0,50.0,0.0,3.0,4.0,4.0,1.0,0.0,1.0,1.0,4.0,0.0,557.4654175714842
CATALUÑA-CHAPINERO,62,2,15,8,12,13,3,9,1098.0,728.0,0.0,2.0,21.0,0.0,10.0,2.0,1.0,0.0,0.0,1.0,0.0,0.0,0.0,1028.0977566463641
CEDRITOS DEL SUR II-CIUDAD BOLÍVAR,18,1,2,4,4,3,1,3,522.0,169.0,0.0,0.0,0.0,0.0,0.0,0.0,0.0,0.0,0.0,0.0,0.0,0.0,0.0,301.84445984901606
CEDRITOS-USAQUÉN,679,61,103,82,97,125,91,120,17279.0,8330.0,1.0,124.0,144.0,1.0,9.0,3.0,3.0,0.0,0.0,2.0,0.0,1.0,0.0,1261.382628546263
CEDRO BOLIVAR II SECTOR-USAQUÉN,21,1,5,2,5,4,1,3,1380.0,540.0,0.0,14.0,12.0,0.0,0.0,0.0,4.0,0.0,0.0,0.0,0.0,0.0,0.0,1306.025453533261
CEDRO NARVAEZ-USAQUÉN,9,0,1,2,1,3,1,1,5243.0,2478.0,0.0,18.0,76.0,1.0,2.0,0.0,2.0,0.0,0.0,1.0,0.0,0.0,0.0,1119.7510275187792
CEDRO NORTE-USAQUÉN,22,1,5,2,7,4,1,2,781.0,328.0,0.0,0.0,0.0,0.0,0.0,0.0,0.0,0.0,0.0,0.0,0.0,0.0,0.0,1102.660745572183
CEDRO SALAZAR-USAQUÉN,26,2,5,3,5,4,2,5,8862.0,4070.0,2.0,35.0,46.0,0.0,2.0,3.0,3.0,0.0,0.0,4.0,1.0,1.0,0.0,1369.5960979208585
CENTENARIO-FONTIBÓN,46,6,4,7,9,12,4,4,1075.0,439.0,3.0,19.0,3.0,0.0,0.0,1.0,1.0,0.0,0.0,0.0,0.0,0.0,0.0,662.932926398147
CENTRAL DE MEZCLAS-CIUDAD BOLÍVAR,1,1,0,0,0,0,0,0,30.0,8.0,7.0,0.0,1.0,0.0,0.0,1.0,0.0,0.0,0.0,0.0,0.0,0.0,0.0,1194.1847222481126
CENTRO ADMINISTRATIVO-CANDELARIA,131,16,24,20,17,17,17,20,1106.0,673.0,6.0,195.0,35.0,0.0,108.0,3.0,4.0,0.0,0.0,9.0,0.0,4.0,1.0,435.62125302502034
CENTRO FONTIBON-FONTIBÓN,518,54,70,68,85,87,86,68,5786.0,1881.0,47.0,716.0,196.0,2.0,16.0,9.0,4.0,0.0,2.0,10.0,8.0,8.0,0.0,699.8126553436033
CENTRO INDUSTRIAL-PUENTE ARANDA,63,2,12,6,11,12,15,5,285.0,117.0,187.0,42.0,50.0,0.0,18.0,5.0,1.0,0.0,0.0,12.0,1.0,0.0,0.0,863.5759148116692
CENTRO NARIÑO-TEUSAQUILLO,159,38,15,17,13,10,39,27,2006.0,1030.0,0.0,6.0,1.0,0.0,2.0,0.0,1.0,0.0,0.0,1.0,0.0,1.0,0.0,1599.2598305083309
CENTRO NORTE USAQUEN-USAQUÉN,58,5,4,10,12,9,12,6,123.0,51.0,0.0,1.0,3.0,0.0,0.0,0.0,0.0,0.0,0.0,0.0,0.0,0.0,0.0,528.2214461745168
CENTRO USME-USME,301,28,52,42,44,41,44,50,2873.0,1000.0,1.0,120.0,11.0,2.0,3.0,44.0,9.0,0.0,0.0,12.0,0.0,3.0,0.0,2569.098867512792
CERROS DE LOS ALPES-USAQUÉN,1,0,0,0,0,0,1,0,959.0,328.0,0.0,0.0,40.0,0.0,0.0,0.0,0.0,0.0,0.0,0.0,0.0,0.0,0.0,710.6828455824086
CERROS DE NIZA-SUBA,13,0,1,1,0,3,4,4,0.0,0.0,0.0,0.0,0.0,0.0,0.0,0.0,0.0,0.0,0.0,0.0,0.0,0.0,0.0,1675.4589936573464
CERROS DE ORIENTE-RAFAEL URIBE,11,0,1,2,2,1,1,4,3609.0,1099.0,2.0,5.0,1.0,0.0,1.0,0.0,2.0,0.0,0.0,2.0,0.0,0.0,0.0,1019.4431170436491
CERROS DE SANTA BARBARA-USAQUÉN,4,2,0,0,2,0,0,0,280.0,111.0,0.0,0.0,7.0,0.0,0.0,0.0,0.0,0.0,0.0,0.0,0.0,1.0,0.0,495.1039565388572
CERROS NORTE-USAQUÉN,1,1,0,0,0,0,0,0,5661.0,1592.0,2.0,21.0,4.0,0.0,1.0,13.0,0.0,0.0,0.0,5.0,0.0,1.0,0.0,924.7545545055893
CHAPARRAL-USAQUÉN,14,1,0,3,0,1,5,4,1378.0,347.0,0.0,24.0,5.0,0.0,0.0,0.0,1.0,0.0,0.0,0.0,0.0,0.0,1.0,64.16546350697567
CHAPINERITO-USME,190,22,22,23,25,26,29,43,2256.0,705.0,2.0,60.0,48.0,0.0,0.0,10.0,6.0,0.0,0.0,1.0,0.0,1.0,0.0,742.8853828356895
CHAPINERO CENTRAL-CHAPINERO,2819,448,353,262,316,309,589,542,7372.0,4700.0,1.0,211.0,362.0,5.0,10.0,20.0,3.0,0.0,0.0,6.0,2.0,1.0,1.0,206.6396879823533
CHAPINERO NORTE-CHAPINERO,1187,119,146,119,129,139,258,277,4240.0,2477.0,0.0,225.0,308.0,0.0,5.0,8.0,2.0,0.0,0.0,0.0,1.0,0.0,1.0,78.7922681100581
CHAPINERO OCCIDENTAL-TEUSAQUILLO,241,28,45,18,23,39,38,50,4501.0,2244.0,9.0,151.0,123.0,0.0,16.0,7.0,0.0,0.0,0.0,5.0,0.0,10.0,0.0,355.50760162910314
CHARLES DE GAULLE II-BOSA,2,0,0,0,0,0,1,1,345.0,115.0,0.0,0.0,3.0,1.0,0.0,1.0,0.0,0.0,0.0,0.0,0.0,0.0,0.0,520.3202705379082
CHARLES DE GAULLE-BOSA,4,1,1,0,0,1,1,0,810.0,237.0,2.0,26.0,14.0,2.0,0.0,0.0,0.0,0.0,0.0,0.0,0.0,0.0,0.0,372.98168227567373
CHICALA-BOSA,126,12,18,22,22,19,18,15,7508.0,2397.0,0.0,1.0,8.0,0.0,2.0,2.0,7.0,0.0,0.0,2.0,3.0,2.0,0.0,632.7689462973281
CHICALA-SUBA,17,1,1,3,3,3,2,4,0.0,0.0,0.0,0.0,0.0,0.0,0.0,0.0,0.0,0.0,0.0,0.0,0.0,0.0,0.0,1431.856885881446
CHICO ALTO-CHAPINERO,224,25,32,22,32,38,30,45,869.0,413.0,0.0,0.0,1.0,0.0,0.0,0.0,1.0,0.0,0.0,1.0,0.0,0.0,0.0,932.9600268635314
CHICO NORTE III SECTOR-CHAPINERO,86,9,15,10,12,18,12,10,7338.0,4043.0,8.0,76.0,106.0,1.0,8.0,3.0,6.0,0.0,0.0,15.0,3.0,0.0,0.0,1173.7439280588737
CHICO NORTE-CHAPINERO,618,37,104,88,87,84,85,133,8066.0,4590.0,1.0,236.0,166.0,2.0,14.0,22.0,6.0,0.0,0.0,24.0,1.0,0.0,0.0,721.7246376240902
CHICO ORIENTAL-CHAPINERO,11,1,0,1,1,3,4,1,1473.0,730.0,0.0,0.0,1.0,0.0,3.0,0.0,1.0,0.0,0.0,2.0,0.0,0.0,0.0,1007.953435658677
CHICO RESERVADO II SECTOR-CHAPINERO,7,0,1,2,0,1,1,2,1239.0,864.0,2.0,111.0,191.0,0.0,2.0,2.0,3.0,0.0,0.0,10.0,0.0,0.0,0.0,1307.2967598151436
CHICO RESERVADO-CHAPINERO,30,3,3,4,5,4,5,6,2619.0,1563.0,9.0,38.0,21.0,0.0,0.0,0.0,4.0,0.0,0.0,2.0,2.0,0.0,0.0,1295.4212663274432
CHICO SUR-BOSA,29,1,6,2,2,7,2,9,1492.0,345.0,4.0,31.0,5.0,0.0,0.0,0.0,0.0,0.0,0.0,1.0,0.0,2.0,0.0,380.6784817647456
CHICO SUR-USME,24,1,4,4,6,2,5,2,3503.0,1173.0,17.0,56.0,26.0,0.0,5.0,15.0,3.0,0.0,0.0,6.0,0.0,1.0,0.0,424.1340219813979
CHIGUAZA-SAN CRISTÓBAL,4,1,0,0,1,0,0,2,35.0,11.0,0.0,0.0,0.0,0.0,0.0,0.0,0.0,0.0,0.0,0.0,0.0,0.0,0.0,733.3446772074593
CHUCUA III SECTOR-SUBA,3,1,0,0,1,0,0,1,938.0,321.0,1.0,7.0,2.0,0.0,0.0,4.0,0.0,0.0,0.0,0.0,0.0,0.0,0.0,247.71166422873196
CHUNIZA-USME,124,19,23,10,16,19,19,18,52.0,17.0,1.0,0.0,0.0,0.0,1.0,5.0,0.0,0.0,0.0,0.0,0.0,0.0,0.0,104.66297034715019
CIUDAD BERNA-ANTONIO NARIÑO,82,5,9,11,15,8,12,22,4180.0,1422.0,24.0,15.0,33.0,0.0,11.0,5.0,5.0,0.0,0.0,4.0,0.0,4.0,1.0,251.2255680962626
CIUDAD DE CALI-KENNEDY,65,7,7,8,14,7,8,14,7087.0,2415.0,43.0,260.0,52.0,1.0,15.0,6.0,4.0,0.0,0.0,1.0,1.0,1.0,0.0,569.0167691300195
CIUDAD DE LONDRES-SAN CRISTÓBAL,3,0,0,1,0,1,0,1,1234.0,323.0,0.0,1.0,3.0,0.0,1.0,41.0,0.0,0.0,0.0,4.0,0.0,1.0,0.0,368.27965416840607
CIUDAD GALAN-KENNEDY,28,4,4,2,3,5,2,8,4305.0,1145.0,13.0,27.0,13.0,0.0,6.0,25.0,0.0,0.0,0.0,6.0,0.0,1.0,0.0,1704.9477478107935
CIUDAD GRANADA-KENNEDY,3,0,0,1,0,0,2,0,4841.0,1198.0,11.0,70.0,26.0,0.0,4.0,5.0,0.0,0.0,0.0,0.0,0.0,1.0,0.0,1237.054137341635
CIUDAD HUNZA-SUBA,21,3,3,5,2,4,3,1,2576.0,756.0,0.0,10.0,0.0,0.0,2.0,3.0,2.0,0.0,0.0,1.0,0.0,1.0,0.0,774.5265007629075
CIUDAD JARDIN DEL SUR-ANTONIO NARIÑO,259,27,42,34,37,49,28,42,10811.0,3359.0,13.0,71.0,81.0,0.0,24.0,10.0,3.0,0.0,0.0,5.0,3.0,9.0,0.0,685.5443036493324
CIUDAD JARDIN NORTE-SUBA,134,12,23,22,11,23,22,21,822.0,333.0,0.0,3.0,1.0,0.0,0.0,1.0,0.0,0.0,0.0,0.0,0.0,0.0,0.0,787.7386590893118
CIUDAD KENNEDY NORTE-KENNEDY,94,7,15,8,18,11,18,17,14.0,8.0,0.0,0.0,2.0,0.0,2.0,0.0,0.0,0.0,0.0,0.0,0.0,1.0,0.0,775.2820477759833
CIUDAD SALITRE-FONTIBÓN,697,42,106,77,126,133,94,119,1862.0,812.0,0.0,13.0,38.0,0.0,0.0,1.0,6.0,0.0,0.0,0.0,0.0,1.0,0.0,576.6620073701426
CIUDAD TECHO II-KENNEDY,33,4,5,2,6,7,5,4,21093.0,8686.0,0.0,39.0,15.0,2.0,0.0,4.0,5.0,0.0,0.0,3.0,0.0,0.0,0.0,559.3667912927946
CIUDADELA COLSUBSIDIO-ENGATIVÁ,328,22,59,45,53,56,43,50,19073.0,7129.0,1.0,49.0,29.0,0.0,1.0,6.0,6.0,0.0,0.0,0.0,3.0,9.0,1.0,103.16116300165936
CIUDADELA EL OASIS-USME,3,0,2,1,0,0,0,0,1215.0,388.0,2.0,5.0,3.0,0.0,1.0,40.0,3.0,0.0,0.0,4.0,1.0,0.0,0.0,1656.0562808820862
CIUDADELA EL POBLADO-SUBA,1,0,1,0,0,0,0,0,979.0,478.0,0.0,5.0,13.0,0.0,0.0,1.0,1.0,0.0,0.0,0.0,0.0,0.0,0.0,788.2491473430642
CIUDADELA INDUSTRIAL EL DORADO-ENGATIVÁ,5,0,1,0,2,0,0,2,1372.0,544.0,11.0,20.0,141.0,0.0,0.0,0.0,2.0,0.0,0.0,2.0,0.0,0.0,1.0,416.0294977254424
CIUDADELA MARIA MICAELA-SAN CRISTÓBAL,1,0,0,0,0,0,0,1,164.0,58.0,0.0,28.0,0.0,0.0,0.0,0.0,0.0,0.0,0.0,0.0,0.0,0.0,0.0,648.1105328504424
CIUDADELA REAL-USAQUÉN,2,0,1,0,0,0,0,1,314.0,106.0,0.0,0.0,2.0,0.0,0.0,0.0,0.0,0.0,1.0,0.0,0.0,0.0,0.0,738.4913577406182
CLARET-RAFAEL URIBE,113,13,14,19,17,26,13,11,9583.0,2914.0,51.0,198.0,153.0,0.0,6.0,6.0,4.0,0.0,0.0,8.0,4.0,5.0,1.0,83.66937557843134
CLARETIANO-BOSA,18,2,4,2,6,1,2,1,235.0,70.0,0.0,0.0,0.0,0.0,0.0,0.0,0.0,0.0,0.0,0.0,0.0,0.0,0.0,521.5344586723262
CLASS-KENNEDY,89,7,12,10,19,11,14,16,6213.0,1337.0,36.0,88.0,51.0,1.0,4.0,4.0,0.0,0.0,0.0,4.0,0.0,3.0,0.0,301.9340923354285
CLUB DE LOS LAGARTOS-SUBA,39,4,4,7,4,6,7,7,2906.0,1128.0,1.0,8.0,8.0,0.0,1.0,0.0,4.0,0.0,0.0,1.0,0.0,1.0,0.0,880.0110003139131
COASMEDAS-SUBA,6,0,0,1,1,0,2,2,1120.0,416.0,0.0,2.0,0.0,0.0,0.0,0.0,0.0,0.0,0.0,0.0,0.0,0.0,0.0,441.11663588798194
COLOMBIA-BARRIOS UNIDOS,46,5,7,11,5,10,6,2,3200.0,1411.0,75.0,305.0,184.0,0.0,3.0,3.0,0.0,0.0,0.0,9.0,0.0,3.0,0.0,289.8107602270621
COLON-PUENTE ARANDA,49,2,9,5,6,8,12,7,8218.0,2650.0,25.0,109.0,32.0,0.0,4.0,3.0,6.0,0.0,0.0,3.0,0.0,1.0,1.0,373.17009416726273
COLPATRIA SANTA HELENA-SUBA,1,0,0,0,0,0,0,1,3213.0,1430.0,2.0,19.0,12.0,0.0,3.0,2.0,4.0,0.0,0.0,1.0,0.0,1.0,0.0,1385.2879728626751
COLSEGUROS-LOS MÁRTIRES,13,1,2,5,2,1,0,2,1386.0,526.0,1.0,9.0,3.0,0.0,1.0,0.0,0.0,0.0,0.0,0.0,1.0,1.0,0.0,630.8324213857517
COMPOSTELA I-USME,7,2,1,3,0,0,1,0,1387.0,496.0,0.0,12.0,5.0,0.0,0.0,84.0,8.0,0.0,0.0,2.0,0.0,0.0,0.0,1230.6089023606908
COMPOSTELA II-USME,3,0,0,1,1,0,1,0,634.0,223.0,0.0,5.0,1.0,0.0,1.0,42.0,7.0,0.0,0.0,7.0,1.0,0.0,0.0,1377.9101159031113
COMPOSTELA III-USME,1,0,0,0,0,0,1,0,155.0,68.0,0.0,0.0,0.0,0.0,0.0,76.0,2.0,0.0,0.0,0.0,0.0,0.0,0.0,1209.021585837027
CONCEPCION NORTE-BARRIOS UNIDOS,51,2,6,5,11,5,11,11,1350.0,720.0,4.0,128.0,70.0,0.0,16.0,2.0,0.0,0.0,0.0,2.0,0.0,3.0,0.0,697.6240338882263
CORABASTOS-KENNEDY,155,13,17,11,30,18,39,27,19.0,7.0,5.0,4.0,4.0,0.0,1.0,0.0,0.0,0.0,0.0,0.0,0.0,0.0,0.0,570.7992521899441
CORDILLERA SUR-CIUDAD BOLÍVAR,4,1,1,1,0,0,1,0,334.0,106.0,0.0,0.0,0.0,0.0,0.0,6.0,0.0,0.0,0.0,0.0,0.0,0.0,0.0,830.0278294495912
CORDOBA-SAN CRISTÓBAL,36,2,6,4,5,8,3,8,6495.0,2026.0,1.0,37.0,18.0,0.0,4.0,1.0,1.0,0.0,0.0,3.0,0.0,3.0,0.0,653.3017092834982
CORINTO-SAN CRISTÓBAL,3,0,0,2,1,0,0,0,0.0,0.0,0.0,0.0,0.0,0.0,0.0,0.0,0.0,0.0,0.0,0.0,0.0,0.0,0.0,923.7682505835177
COSTA RICA-SUBA,13,4,1,2,2,2,1,1,6752.0,2295.0,6.0,71.0,24.0,0.0,6.0,2.0,0.0,0.0,0.0,3.0,0.0,2.0,0.0,587.312973762952
COSTA RICA-USME,4,0,1,1,0,1,0,1,382.0,138.0,1.0,0.0,1.0,0.0,0.0,10.0,0.0,0.0,0.0,0.0,0.0,0.0,0.0,756.7121905656014
CUNDINAMARCA-PUENTE ARANDA,56,4,8,11,8,7,8,10,1275.0,454.0,120.0,49.0,25.0,0.0,2.0,1.0,0.0,0.0,0.0,1.0,0.0,1.0,0.0,1121.5853356006976
DANUBIO AZUL I Y II SECTOR-BOSA,7,1,1,0,1,2,1,1,2471.0,618.0,13.0,27.0,14.0,0.0,1.0,3.0,1.0,0.0,0.0,2.0,0.0,1.0,0.0,915.516881954612
DANUBIO AZUL-USME,105,14,12,14,7,10,22,26,18065.0,5555.0,17.0,338.0,112.0,0.0,9.0,26.0,6.0,1.0,1.0,8.0,0.0,4.0,1.0,310.25366379760857
DANUBIO II-USME,12,1,1,0,2,0,7,1,414.0,135.0,2.0,2.0,0.0,0.0,0.0,2.0,3.0,0.0,0.0,1.0,0.0,0.0,0.0,327.2985034624131
DANUBIO OCCIDENTAL-USAQUÉN,1,0,0,0,0,0,0,1,689.0,234.0,1.0,19.0,6.0,0.0,0.0,1.0,3.0,0.0,0.0,2.0,0.0,0.0,0.0,830.8425618326605
DANUBIO-BOSA,8,2,0,1,0,4,1,0,292.0,77.0,0.0,15.0,0.0,0.0,0.0,0.0,0.0,0.0,0.0,0.0,0.0,0.0,0.0,237.17153467353344
DIAMANTE SUR-BOSA,3,0,0,0,1,1,0,1,1098.0,301.0,0.0,4.0,1.0,0.0,0.0,1.0,0.0,0.0,0.0,0.0,0.0,0.0,0.0,496.2337971816819
DIANA TURBAY-RAFAEL URIBE,177,13,27,21,30,28,24,34,16663.0,5312.0,5.0,194.0,48.0,0.0,22.0,4.0,2.0,0.0,0.0,3.0,0.0,3.0,0.0,392.32497037258145
DINDALITO-KENNEDY,257,33,40,33,32,40,39,40,4358.0,1415.0,3.0,90.0,57.0,0.0,4.0,4.0,2.0,0.0,0.0,2.0,0.0,1.0,0.0,1198.7726377356187
DIVINO NIÑO-BOSA,15,2,4,3,1,0,4,1,2764.0,540.0,0.0,32.0,6.0,0.0,1.0,2.0,2.0,0.0,0.0,0.0,0.0,0.0,0.0,614.4598339262753
DOMINGO LAIN III-CIUDAD BOLÍVAR,4,1,0,2,0,0,1,0,451.0,130.0,2.0,4.0,0.0,0.0,0.0,0.0,0.0,0.0,0.0,0.0,0.0,0.0,0.0,362.31290447632364
DOÑA LILIANA-USME,5,1,0,0,1,1,1,1,917.0,316.0,0.0,4.0,1.0,0.0,0.0,31.0,2.0,1.0,0.0,5.0,0.0,0.0,0.0,955.4850031291757
EDUARDO SANTOS-LOS MÁRTIRES,159,17,21,20,33,29,21,18,10427.0,4293.0,43.0,94.0,47.0,0.0,17.0,7.0,4.0,0.0,0.0,6.0,0.0,6.0,0.0,1079.9093579951502
EGIPTO-CANDELARIA,32,1,5,4,7,5,2,8,997.0,516.0,2.0,16.0,16.0,0.0,1.0,4.0,0.0,0.0,0.0,0.0,0.0,0.0,0.0,234.61744852025453
EL ALCAZAR-SUBA,2,0,0,2,0,0,0,0,0.0,0.0,0.0,0.0,0.0,0.0,0.0,0.0,0.0,0.0,0.0,0.0,0.0,0.0,0.0,3787.4737612711797
EL ALMENAR-KENNEDY,7,3,3,1,0,0,0,0,4483.0,1548.0,1.0,57.0,21.0,0.0,1.0,0.0,2.0,0.0,0.0,0.0,0.0,0.0,0.0,503.9770124864358
EL AMPARO-KENNEDY,196,23,28,31,22,27,30,35,12024.0,3522.0,39.0,153.0,100.0,1.0,2.0,9.0,0.0,0.0,0.0,6.0,2.0,0.0,1.0,320.7448484160918
EL ANHELO-BOSA,17,0,4,3,3,2,3,2,6584.0,1766.0,3.0,47.0,9.0,1.0,2.0,13.0,1.0,1.0,0.0,2.0,0.0,0.0,0.0,950.338895631442
EL ARPA Y LA LIRA-PUENTE ARANDA,1,0,0,0,0,0,1,0,384.0,122.0,8.0,15.0,0.0,0.0,0.0,1.0,0.0,0.0,0.0,0.0,0.0,0.0,0.0,399.7914772191893
EL BALCON DE LA CASTAÑA-SAN CRISTÓBAL,1,0,0,0,0,0,0,1,563.0,175.0,1.0,2.0,1.0,0.0,0.0,3.0,0.0,0.0,0.0,0.0,0.0,0.0,0.0,807.1276465083298
EL BALCON-SANTA FE,1,0,1,0,0,0,0,0,399.0,123.0,0.0,0.0,1.0,0.0,0.0,0.0,2.0,0.0,0.0,0.0,0.0,0.0,0.0,696.5004155987464
EL BATAN-SUBA,158,10,24,16,31,30,21,26,10820.0,5382.0,7.0,104.0,104.0,0.0,7.0,3.0,3.0,0.0,0.0,5.0,0.0,1.0,0.0,697.6158172052219
EL BOGOTANO II-FONTIBÓN,3,0,2,0,0,0,1,0,41.0,16.0,0.0,1.0,0.0,0.0,1.0,1.0,0.0,0.0,0.0,0.0,0.0,0.0,0.0,1019.2259148356742
EL BOSQUE CENTRAL-USME,5,0,1,1,2,1,0,0,0.0,0.0,0.0,0.0,0.0,0.0,0.0,0.0,0.0,0.0,0.0,0.0,0.0,0.0,0.0,1533.804342870882
EL BOSQUE-CIUDAD BOLÍVAR,1,0,0,1,0,0,0,0,170.0,45.0,5.0,0.0,1.0,0.0,0.0,0.0,0.0,0.0,0.0,0.0,0.0,0.0,0.0,638.3564968185856
EL BOSQUE-SUBA,4,0,1,0,0,0,1,2,68.0,28.0,0.0,0.0,0.0,0.0,0.0,0.0,0.0,0.0,0.0,0.0,0.0,0.0,0.0,1549.3256676309877
EL BOSQUE-USME,6,1,0,0,0,3,0,2,1659.0,531.0,0.0,0.0,0.0,0.0,0.0,1.0,2.0,0.0,1.0,0.0,0.0,1.0,0.0,1042.8550180898685
EL BRILLANTE-USME,8,1,0,1,2,3,1,0,2453.0,821.0,0.0,5.0,4.0,0.0,0.0,22.0,0.0,0.0,0.0,8.0,0.0,0.0,0.0,510.3487004709839
EL CAMPIN-TEUSAQUILLO,319,50,29,29,60,59,40,52,1363.0,621.0,0.0,27.0,73.0,2.0,2.0,1.0,1.0,0.0,0.0,1.0,0.0,1.0,0.0,742.1540365049092
EL CARMELO-KENNEDY,30,2,5,5,4,6,6,2,3370.0,974.0,0.0,9.0,3.0,0.0,1.0,0.0,3.0,0.0,0.0,0.0,0.0,0.0,0.0,643.3108069950689
EL CARMEN FONTIBON-FONTIBÓN,80,5,9,12,15,14,9,16,3682.0,1370.0,38.0,187.0,93.0,0.0,1.0,10.0,0.0,0.0,0.0,1.0,2.0,2.0,0.0,1053.552167036211
EL CARMEN-SUBA,15,1,1,3,3,1,4,2,6526.0,2068.0,13.0,71.0,75.0,0.0,3.0,6.0,0.0,0.0,0.0,1.0,0.0,2.0,0.0,468.30430174551947
EL CARMEN-TUNJUELITO,93,4,11,13,17,16,19,13,9389.0,3170.0,5.0,105.0,73.0,0.0,5.0,2.0,0.0,0.0,0.0,3.0,0.0,4.0,0.0,774.168515547201
EL CASTILLO-CHAPINERO,7,0,2,0,1,1,3,0,0.0,0.0,0.0,0.0,0.0,0.0,0.0,0.0,0.0,0.0,0.0,0.0,0.0,0.0,0.0,753.6180406343666
EL CASTILLO-KENNEDY,4,0,0,0,0,1,0,3,1384.0,556.0,22.0,9.0,25.0,0.0,3.0,2.0,2.0,0.0,0.0,0.0,0.0,1.0,0.0,496.6589721856585
EL CEDRO-SUBA,2,0,0,0,1,0,0,1,403.0,131.0,0.0,4.0,0.0,0.0,1.0,3.0,0.0,0.0,0.0,1.0,0.0,1.0,0.0,1080.266538689182
EL CEREZO Y SAN PEDRO-SUBA,1,0,0,0,0,1,0,0,0.0,0.0,0.0,0.0,0.0,0.0,0.0,0.0,0.0,0.0,0.0,0.0,0.0,0.0,0.0,1230.0222699124317
EL CEREZO-SUBA,1,0,0,0,0,0,0,1,0.0,0.0,0.0,0.0,0.0,0.0,0.0,0.0,0.0,0.0,0.0,0.0,0.0,0.0,0.0,956.5148051740791
EL CERRITO-RAFAEL URIBE,1,0,0,0,0,0,0,1,499.0,159.0,0.0,1.0,1.0,0.0,1.0,0.0,0.0,0.0,0.0,0.0,0.0,0.0,0.0,821.100587967899
EL CERRO DEL DIAMANTE-CIUDAD BOLÍVAR,1,0,0,0,0,0,1,0,93.0,40.0,2.0,0.0,0.0,0.0,0.0,0.0,0.0,0.0,0.0,0.0,0.0,0.0,0.0,777.7338193741542
EL CHICO-CHAPINERO,149,10,30,26,21,17,21,24,8387.0,4467.0,1.0,99.0,58.0,1.0,4.0,1.0,5.0,0.0,0.0,12.0,2.0,0.0,0.0,303.22256700542147
EL CODITO-USAQUÉN,93,9,16,14,14,19,7,14,3795.0,1096.0,1.0,39.0,11.0,0.0,0.0,5.0,0.0,0.0,0.0,3.0,0.0,1.0,0.0,583.427185505479
EL CONDADO DE LA PAZ-KENNEDY,1,1,0,0,0,0,0,0,0.0,0.0,0.0,0.0,0.0,0.0,0.0,0.0,0.0,0.0,0.0,0.0,0.0,0.0,0.0,475.09485335102585
EL CONSUELO-CIUDAD BOLÍVAR,1,0,0,0,0,0,1,0,738.0,240.0,2.0,9.0,1.0,0.0,1.0,0.0,0.0,0.0,0.0,0.0,0.0,1.0,0.0,616.4531250572713
EL CONSUELO-RAFAEL URIBE,7,0,2,0,2,2,0,1,1980.0,607.0,1.0,10.0,6.0,0.0,0.0,6.0,2.0,0.0,0.0,2.0,0.0,0.0,0.0,834.7127714821029
EL CONSUELO-SANTA FE,4,0,0,1,0,0,1,2,4803.0,1426.0,0.0,30.0,4.0,0.0,4.0,0.0,1.0,0.0,0.0,1.0,0.0,1.0,0.0,231.4980274562801
EL CONTADOR-USAQUÉN,45,8,4,4,6,5,10,8,5553.0,2720.0,8.0,76.0,187.0,0.0,2.0,3.0,9.0,0.0,0.0,9.0,0.0,3.0,0.0,289.7864725175135
EL CORTIJO-ENGATIVÁ,235,28,39,28,41,34,38,27,14157.0,5211.0,0.0,16.0,7.0,0.0,2.0,0.0,1.0,1.0,0.0,0.0,1.0,2.0,0.0,893.6701531065171
EL CORTIJO-USME,19,0,4,4,4,1,2,4,2377.0,779.0,0.0,40.0,9.0,0.0,1.0,1.0,1.0,0.0,0.0,0.0,1.0,0.0,0.0,875.9776020575973
EL CORZO-BOSA,78,6,14,14,8,12,12,12,2029.0,669.0,0.0,38.0,2.0,0.0,0.0,1.0,0.0,0.0,0.0,0.0,1.0,0.0,0.0,1189.2688252710068
EL CURUBO-USME,9,1,0,1,1,4,1,1,1367.0,602.0,0.0,15.0,4.0,0.0,1.0,21.0,5.0,0.0,0.0,12.0,0.0,3.0,0.0,1125.221909492165
EL DANUBIO AZUL-BOSA,10,3,1,2,2,0,1,1,5412.0,1961.0,10.0,2.0,6.0,0.0,0.0,2.0,3.0,0.0,0.0,0.0,1.0,1.0,0.0,1011.7184036131767
EL DIAMANTE-BOSA,1,0,0,0,0,0,0,1,609.0,126.0,0.0,0.0,0.0,0.0,0.0,0.0,0.0,0.0,0.0,0.0,0.0,0.0,0.0,390.01245235928684
EL DORADO-SANTA FE,21,1,4,2,5,3,1,5,4138.0,1215.0,0.0,31.0,9.0,0.0,4.0,17.0,8.0,0.0,0.0,1.0,1.0,1.0,1.0,190.11837122390978
EL EDEN-SUBA,3,1,1,0,1,0,0,0,433.0,159.0,5.0,31.0,34.0,0.0,2.0,0.0,0.0,0.0,0.0,1.0,0.0,0.0,0.0,759.9625555358024
EL EJIDO-PUENTE ARANDA,33,1,7,3,4,4,6,8,68.0,33.0,76.0,4.0,35.0,0.0,0.0,0.0,0.0,0.0,0.0,0.0,0.0,0.0,0.0,804.7128544342428
EL ENCANTO-ENGATIVÁ,91,7,23,10,13,14,12,12,4756.0,1287.0,7.0,17.0,38.0,0.0,1.0,2.0,1.0,0.0,0.0,2.0,0.0,2.0,0.0,427.09058668070696
EL ENCANTO-SAN CRISTÓBAL,1,0,0,1,0,0,0,0,400.0,130.0,0.0,1.0,1.0,0.0,0.0,0.0,0.0,0.0,0.0,0.0,0.0,0.0,0.0,492.78269310949935
EL ENSUEÑO-CIUDAD BOLÍVAR,156,9,26,23,22,19,27,30,19256.0,7174.0,2.0,22.0,25.0,1.0,0.0,6.0,6.0,1.0,3.0,1.0,0.0,2.0,0.0,1442.5213372395147
EL ESPINO-USME,7,0,0,2,3,0,1,1,911.0,290.0,0.0,7.0,5.0,0.0,0.0,16.0,1.0,0.0,0.0,2.0,0.0,0.0,0.0,305.1423060590315
EL ESTORIL-SUBA,61,3,12,7,10,8,12,9,1050.0,548.0,2.0,4.0,34.0,0.0,0.0,0.0,1.0,0.0,0.0,8.0,0.0,0.0,0.0,312.4106156068748
EL FERROL-RAFAEL URIBE,1,1,0,0,0,0,0,0,63.0,26.0,0.0,1.0,0.0,0.0,0.0,0.0,0.0,0.0,0.0,0.0,0.0,0.0,0.0,303.43825457378887
EL GACO-ENGATIVÁ,8,1,1,1,0,0,3,2,3625.0,1505.0,0.0,2.0,0.0,0.0,2.0,15.0,4.0,0.0,3.0,0.0,0.0,2.0,0.0,2115.9755300168654
EL GUAVIO-SANTA FE,24,3,7,2,2,5,0,5,2644.0,1092.0,3.0,74.0,31.0,1.0,5.0,6.0,0.0,0.0,0.0,1.0,0.0,1.0,1.0,108.40243626398572
EL JARDIN-BOSA,18,3,1,0,3,1,4,6,1880.0,588.0,4.0,7.0,9.0,0.0,2.0,12.0,0.0,0.0,0.0,11.0,0.0,0.0,0.0,492.11822494591183
EL JARDIN-USAQUÉN,3,0,0,3,0,0,0,0,3669.0,1164.0,6.0,261.0,114.0,0.0,3.0,4.0,0.0,0.0,0.0,2.0,0.0,2.0,0.0,438.1904345631249
EL JAZMIN I SECTOR-PUENTE ARANDA,61,7,4,13,6,11,11,9,5842.0,1975.0,11.0,58.0,56.0,0.0,1.0,0.0,1.0,0.0,0.0,3.0,0.0,1.0,0.0,1130.8169839435836
EL JAZMIN II SECTOR-PUENTE ARANDA,11,1,4,3,1,0,2,0,2329.0,975.0,4.0,152.0,44.0,0.0,1.0,2.0,1.0,0.0,0.0,0.0,0.0,1.0,0.0,1049.1365225257794
EL JORDAN LA ESPERANZA-SUBA,1,0,1,0,0,0,0,0,2019.0,655.0,0.0,10.0,8.0,0.0,1.0,0.0,0.0,0.0,0.0,0.0,0.0,1.0,0.0,663.6337407033809
EL JORDAN-FONTIBÓN,2,1,0,0,0,0,0,1,702.0,282.0,0.0,0.0,1.0,0.0,0.0,0.0,0.0,0.0,0.0,0.0,0.0,0.0,0.0,670.1063785550982
EL JORDAN-USME,1,0,0,0,1,0,0,0,1076.0,360.0,1.0,37.0,5.0,0.0,0.0,0.0,0.0,0.0,0.0,0.0,0.0,0.0,0.0,565.0654942723526
EL LAUREL-ENGATIVÁ,50,4,3,6,9,12,11,5,3862.0,924.0,21.0,34.0,74.0,0.0,2.0,1.0,0.0,0.0,0.0,1.0,0.0,1.0,0.0,631.7271695599281
EL LIBANO-USME,1,0,0,0,1,0,0,0,3341.0,1070.0,1.0,23.0,16.0,0.0,6.0,2.0,3.0,0.0,0.0,1.0,0.0,1.0,0.0,490.4392563591604
EL LIBERTADOR-BOSA,4,1,1,0,0,1,0,1,0.0,0.0,0.0,0.0,0.0,0.0,0.0,0.0,0.0,0.0,0.0,0.0,0.0,0.0,0.0,680.7928867622699
EL LIMONAR-BOSA,1,0,0,0,1,0,0,0,0.0,0.0,0.0,0.0,0.0,0.0,1.0,0.0,0.0,0.0,0.0,0.0,0.0,1.0,0.0,113.18932453942357
EL LISTON-LOS MÁRTIRES,177,15,23,25,30,22,33,29,1945.0,855.0,82.0,147.0,15.0,0.0,2.0,3.0,0.0,0.0,0.0,2.0,0.0,2.0,0.0,438.0697402664436
EL LUJAN-ENGATIVÁ,38,3,5,4,6,8,3,9,3889.0,1335.0,4.0,16.0,38.0,0.0,1.0,1.0,0.0,0.0,0.0,2.0,1.0,1.0,0.0,386.4333602365547
EL MINUTO DE MARIA-CIUDAD BOLÍVAR,2,0,0,0,0,0,1,1,1228.0,377.0,18.0,0.0,0.0,0.0,2.0,5.0,0.0,0.0,0.0,0.0,0.0,1.0,0.0,158.4837221276639
EL MIRADOR SUR I Y II-RAFAEL URIBE,8,1,0,1,0,3,1,2,530.0,154.0,0.0,1.0,2.0,0.0,0.0,1.0,0.0,0.0,0.0,1.0,0.0,0.0,0.0,444.1794044092673
EL MIRADOR-CIUDAD BOLÍVAR,16,4,1,3,2,1,1,4,4753.0,1533.0,2.0,104.0,17.0,0.0,1.0,3.0,2.0,0.0,0.0,5.0,0.0,3.0,0.0,408.0724855127156
EL MIRADOR-ENGATIVÁ,4,0,1,1,2,0,0,0,169.0,53.0,0.0,1.0,0.0,0.0,0.0,2.0,0.0,0.0,0.0,0.0,0.0,0.0,0.0,1938.3614285022256
EL MIRADOR-SANTA FE,3,0,1,0,0,1,1,0,1534.0,337.0,0.0,10.0,1.0,0.0,1.0,3.0,4.0,0.0,0.0,1.0,0.0,0.0,0.0,431.90764641432025
EL MOCHUELO ORIENTAL-CIUDAD BOLÍVAR,20,6,2,4,2,4,1,1,0.0,0.0,0.0,0.0,0.0,0.0,0.0,1.0,0.0,0.0,0.0,0.0,0.0,0.0,0.0,1512.2645951584627
EL MOCHUELO ORIENTAL-USME,1,0,0,0,0,0,0,1,26.0,10.0,0.0,0.0,1.0,0.0,0.0,0.0,0.0,1.0,1.0,0.0,0.0,0.0,0.0,1099.5048130567363
EL MOLINO-SUBA,3,0,0,1,0,2,0,0,0.0,0.0,0.0,0.0,1.0,0.0,0.0,0.0,0.0,0.0,0.0,0.0,0.0,0.0,0.0,4079.7982631008977
EL MORTIÑO-ENGATIVÁ,2,0,1,0,0,0,0,1,3536.0,1120.0,0.0,21.0,11.0,0.0,2.0,0.0,3.0,0.0,0.0,0.0,0.0,1.0,0.0,372.40191465439835
EL MOTORISTA-BOSA,2,1,0,0,1,0,0,0,426.0,120.0,0.0,4.0,4.0,0.0,0.0,1.0,0.0,0.0,0.0,1.0,0.0,1.0,0.0,571.1116160441023
EL MUELLE I-ENGATIVÁ,152,13,27,22,20,18,27,25,4974.0,1561.0,7.0,54.0,26.0,0.0,0.0,2.0,1.0,0.0,0.0,0.0,0.0,0.0,0.0,683.018456775111
EL MUELLE II-ENGATIVÁ,4,0,1,0,0,1,2,0,5126.0,1623.0,3.0,45.0,1.0,0.0,1.0,0.0,3.0,0.0,0.0,0.0,0.0,0.0,0.0,831.979634091623
EL NEVADO-USME,4,0,1,0,2,1,0,0,1456.0,460.0,0.0,5.0,0.0,0.0,0.0,0.0,2.0,0.0,0.0,0.0,1.0,0.0,0.0,1238.482636768531
EL NOGAL I-SUBA,1,0,1,0,0,0,0,0,0.0,0.0,0.0,0.0,0.0,0.0,0.0,0.0,0.0,0.0,0.0,0.0,0.0,0.0,0.0,576.7846684220297
EL NOGAL-CHAPINERO,128,10,21,13,21,17,18,28,4899.0,2581.0,0.0,104.0,106.0,0.0,10.0,0.0,1.0,0.0,0.0,3.0,1.0,0.0,0.0,382.03532792521884
EL NOGAL-SUBA,44,2,7,3,7,9,11,5,46.0,11.0,1.0,3.0,3.0,0.0,0.0,0.0,0.0,0.0,0.0,0.0,0.0,0.0,0.0,1174.6182046342942
EL NUEVO PORTAL-USME,9,1,1,0,2,2,2,1,1369.0,463.0,0.0,23.0,7.0,0.0,1.0,19.0,4.0,0.0,0.0,0.0,0.0,1.0,0.0,302.4336132442
EL OASIS DEL SUR-SAN CRISTÓBAL,2,0,0,0,0,2,0,0,8.0,4.0,0.0,0.0,0.0,0.0,0.0,0.0,1.0,0.0,0.0,0.0,0.0,0.0,0.0,800.6874521474385
EL OLIVO-KENNEDY,6,0,1,0,2,2,0,1,2640.0,798.0,7.0,50.0,7.0,0.0,2.0,4.0,0.0,0.0,0.0,1.0,0.0,1.0,0.0,627.9499095146894
EL OTOÑO-USAQUÉN,2,0,0,0,0,1,1,0,941.0,283.0,5.0,15.0,10.0,0.0,2.0,0.0,1.0,0.0,0.0,1.0,0.0,0.0,0.0,783.5297596856839
EL PALMAR I Y II-ENGATIVÁ,1,1,0,0,0,0,0,0,2265.0,710.0,0.0,35.0,16.0,0.0,0.0,0.0,0.0,0.0,0.0,2.0,0.0,2.0,0.0,1309.689911280844
EL PALMAR IV-ENGATIVÁ,1,0,0,0,0,0,1,0,372.0,122.0,0.0,4.0,3.0,0.0,0.0,0.0,0.0,0.0,0.0,0.0,0.0,0.0,0.0,1285.67151644805
EL PALMAR-BOSA,5,0,2,0,0,1,0,2,3836.0,1331.0,2.0,40.0,4.0,0.0,1.0,3.0,0.0,0.0,0.0,2.0,0.0,1.0,0.0,790.5345322561709
EL PARAISO SUR ORIENTAL I SECTOR-SAN CRISTÓBAL,11,1,0,3,2,1,4,0,218.0,55.0,0.0,5.0,0.0,0.0,1.0,2.0,0.0,0.0,0.0,0.0,0.0,1.0,0.0,612.9102202272985
EL PARAISO-BOSA,8,1,1,2,3,0,0,1,3675.0,967.0,8.0,83.0,16.0,0.0,2.0,1.0,1.0,0.0,0.0,7.0,0.0,0.0,0.0,737.7792428670892
EL PARAISO-CHAPINERO,10,2,3,0,0,0,1,4,301.0,99.0,0.0,1.0,1.0,0.0,0.0,0.0,3.0,0.0,0.0,0.0,0.0,0.0,0.0,1262.3208512430037
EL PARAISO-CIUDAD BOLÍVAR,84,10,16,10,8,9,10,21,8400.0,2639.0,3.0,16.0,3.0,0.0,3.0,27.0,5.0,0.0,0.0,6.0,0.0,2.0,1.0,271.2694413054228
EL PARAISO-FONTIBÓN,3,0,0,0,1,2,0,0,514.0,174.0,1.0,9.0,8.0,0.0,0.0,0.0,0.0,0.0,0.0,0.0,0.0,0.0,0.0,521.2123815201564
EL PARAISO-KENNEDY,15,1,4,2,2,2,1,3,1736.0,598.0,0.0,53.0,8.0,0.0,0.0,1.0,1.0,0.0,0.0,0.0,0.0,1.0,0.0,967.5736290080085
EL PARAISO-SUBA,3,0,1,1,0,1,0,0,0.0,0.0,0.0,0.0,0.0,0.0,0.0,0.0,0.0,0.0,0.0,0.0,0.0,0.0,0.0,1169.7601523656076
EL PARAISO-USME,2,0,1,0,1,0,0,0,2454.0,823.0,0.0,3.0,2.0,0.0,1.0,11.0,1.0,0.0,0.0,8.0,0.0,0.0,0.0,943.2140837089486
EL PARQUE-KENNEDY,1,0,1,0,0,0,0,0,3085.0,901.0,5.0,62.0,12.0,0.0,2.0,3.0,5.0,0.0,0.0,2.0,0.0,2.0,0.0,553.862773939237
EL PASEO-ENGATIVÁ,8,0,1,1,1,1,2,2,1388.0,386.0,0.0,4.0,33.0,0.0,2.0,0.0,1.0,0.0,0.0,1.0,0.0,1.0,0.0,860.7219310884304
EL PEDREGAL-USME,5,0,1,1,1,1,1,0,24.0,17.0,0.0,1.0,0.0,1.0,0.0,155.0,7.0,0.0,0.0,16.0,0.0,0.0,0.0,915.7163481869601
EL PEÑON DEL CORTIJO-CIUDAD BOLÍVAR,18,1,3,2,2,4,1,5,4853.0,1486.0,0.0,17.0,5.0,0.0,2.0,0.0,6.0,0.0,0.0,2.0,0.0,0.0,0.0,1671.9733870553778
EL PINAR DE SANTA BARBARA-USAQUÉN,1,0,0,0,1,0,0,0,164.0,57.0,0.0,0.0,4.0,1.0,0.0,0.0,0.0,0.0,0.0,0.0,0.0,0.0,0.0,743.1723117725138
EL PINAR DE SUBA II-SUBA,132,21,20,12,12,22,26,19,665.0,231.0,0.0,0.0,1.0,0.0,0.0,0.0,0.0,0.0,0.0,0.0,0.0,1.0,0.0,408.477399135228
EL PINAR-SUBA,76,10,13,9,10,14,10,10,4860.0,1830.0,1.0,37.0,77.0,0.0,0.0,0.0,2.0,0.0,0.0,0.0,0.0,0.0,0.0,1560.3694858770798
EL PINO-SUBA,64,6,13,9,11,6,9,10,393.0,129.0,3.0,42.0,1.0,0.0,1.0,1.0,0.0,0.0,0.0,0.0,0.0,0.0,0.0,329.6132997871956
EL PITE-USAQUÉN,1,0,0,0,0,0,0,1,174.0,58.0,0.0,6.0,4.0,0.0,0.0,0.0,0.0,0.0,0.0,0.0,0.0,0.0,0.0,1204.1189624040153
EL PLAYON-RAFAEL URIBE,12,0,2,4,1,2,2,1,0.0,0.0,0.0,0.0,0.0,0.0,0.0,0.0,1.0,0.0,0.0,0.0,0.0,0.0,0.0,833.1838212209253
EL POA-SUBA,197,14,31,34,29,27,34,28,0.0,0.0,0.0,0.0,2.0,0.0,1.0,1.0,0.0,0.0,0.0,0.0,0.0,0.0,0.0,1272.0250367768954
EL PORTAL DE LAS MERCEDES-SUBA,4,0,1,1,0,2,0,0,2334.0,732.0,2.0,40.0,26.0,0.0,0.0,0.0,3.0,0.0,0.0,1.0,0.0,1.0,0.0,1575.1241120741665
EL PORTAL DE PATIO BONITO-KENNEDY,40,2,7,9,2,6,4,10,0.0,0.0,0.0,0.0,0.0,0.0,0.0,0.0,0.0,0.0,0.0,0.0,0.0,0.0,0.0,511.03741182453365
EL PORTAL DEL RIO-ENGATIVÁ,4,0,0,0,0,2,2,0,2039.0,735.0,1.0,8.0,1.0,0.0,1.0,0.0,0.0,0.0,0.0,0.0,0.0,0.0,0.0,891.756633483942
EL PORTAL I Y II SECTOR-BOSA,2,0,1,0,0,0,1,0,1012.0,303.0,0.0,41.0,16.0,1.0,1.0,0.0,0.0,0.0,0.0,1.0,0.0,0.0,0.0,208.24027573747497
EL PORTAL II SECTOR-RAFAEL URIBE,2,0,1,0,0,1,0,0,3719.0,1065.0,0.0,19.0,7.0,0.0,1.0,3.0,5.0,0.0,0.0,4.0,0.0,1.0,0.0,740.2546531949451
EL PORTAL-FONTIBÓN,4,1,2,0,0,0,1,0,7.0,5.0,6.0,1.0,7.0,0.0,0.0,0.0,0.0,0.0,0.0,0.0,0.0,0.0,0.0,336.3935811265495
EL PORTAL-RAFAEL URIBE,7,0,1,0,3,1,1,1,3485.0,1083.0,1.0,66.0,4.0,0.0,0.0,3.0,0.0,0.0,0.0,4.0,0.0,1.0,0.0,569.8609535752981
EL PORVENIR II SECTOR-KENNEDY,1,0,0,1,0,0,0,0,1259.0,393.0,0.0,0.0,0.0,0.0,1.0,0.0,0.0,0.0,0.0,0.0,0.0,0.0,0.0,328.4552792195813
EL PORVENIR II SECTOR-USME,15,0,1,2,5,1,4,2,1830.0,530.0,0.0,6.0,7.0,0.0,1.0,13.0,2.0,0.0,0.0,2.0,0.0,0.0,0.0,499.9913915377696
EL PORVENIR SAN LUIS-BOSA,4,0,0,0,1,0,1,2,1084.0,365.0,1.0,31.0,19.0,0.0,2.0,4.0,0.0,0.0,0.0,0.0,0.0,1.0,0.0,951.0659762026805
EL PORVENIR SECTOR BRASIL-BOSA,8,2,0,0,1,2,2,1,167.0,49.0,0.0,0.0,0.0,0.0,1.0,0.0,0.0,0.0,0.0,0.0,0.0,0.0,0.0,769.0559466483104
EL PORVENIR SECTOR INDUCAS-BOSA,4,0,1,2,0,0,1,0,1489.0,309.0,5.0,19.0,8.0,0.0,0.0,1.0,0.0,0.0,0.0,0.0,0.0,0.0,0.0,684.7779021257649
EL PORVENIR ZONA C-CIUDAD BOLÍVAR,3,0,1,1,0,0,0,1,172.0,55.0,24.0,6.0,2.0,0.0,0.0,0.0,0.0,0.0,0.0,0.0,0.0,0.0,0.0,137.4240840386706
EL PORVENIR-KENNEDY,5,0,2,1,0,0,1,1,368.0,120.0,0.0,0.0,0.0,0.0,0.0,2.0,0.0,0.0,0.0,0.0,0.0,0.0,0.0,244.092740851203
EL PORVENIR-SUBA,2,0,1,1,0,0,0,0,0.0,0.0,0.0,0.0,0.0,0.0,0.0,0.0,0.0,0.0,0.0,0.0,0.0,0.0,0.0,4179.077331797619
EL PORVENIR-USME,141,13,22,23,19,18,17,29,562.0,160.0,0.0,5.0,3.0,0.0,1.0,1.0,1.0,0.0,0.0,0.0,0.0,1.0,0.0,603.9973703445861
EL PROGRESO II SECTOR-BOSA,1,0,0,0,1,0,0,0,178.0,62.0,0.0,4.0,5.0,0.0,0.0,0.0,0.0,0.0,0.0,0.0,0.0,0.0,0.0,758.1045082175443
EL PROGRESO-BOSA,5,1,0,2,0,1,1,0,884.0,302.0,1.0,8.0,1.0,0.0,2.0,0.0,0.0,0.0,0.0,1.0,0.0,0.0,0.0,624.8563460890334
EL PROGRESO-LOS MÁRTIRES,48,4,3,7,10,10,5,9,4755.0,1678.0,76.0,135.0,47.0,0.0,2.0,1.0,3.0,0.0,0.0,3.0,0.0,0.0,0.0,842.7689050830256
EL PROGRESO-SUBA,7,0,0,3,1,1,0,2,181.0,34.0,0.0,2.0,0.0,0.0,0.0,0.0,0.0,0.0,0.0,0.0,0.0,0.0,0.0,527.00262114687
EL RAMAJAL-SAN CRISTÓBAL,14,2,1,3,2,1,3,2,3493.0,874.0,2.0,19.0,14.0,0.0,8.0,5.0,3.0,0.0,0.0,1.0,0.0,1.0,1.0,208.9951214046925
EL REAL-ENGATIVÁ,31,0,5,2,6,6,4,8,3354.0,1186.0,48.0,32.0,73.0,1.0,9.0,0.0,1.0,0.0,0.0,3.0,0.0,1.0,0.0,585.2961131347806
EL RECODO REPUBLICA DE CANADA-SAN CRISTÓBAL,1,0,0,0,1,0,0,0,49.0,14.0,0.0,7.0,0.0,0.0,0.0,0.0,1.0,0.0,0.0,0.0,0.0,0.0,0.0,123.7267358966224
EL RECUERDO SAN BERNARDINO-BOSA,1,0,0,0,0,0,0,1,616.0,160.0,1.0,8.0,2.0,0.0,1.0,0.0,0.0,0.0,0.0,0.0,0.0,0.0,0.0,761.2561805342101
EL RECUERDO SAN JORGE ALTO-RAFAEL URIBE,1,0,0,0,0,0,0,1,0.0,0.0,0.0,0.0,0.0,0.0,0.0,0.0,0.0,0.0,0.0,0.0,0.0,0.0,0.0,809.0262136201029
EL RECUERDO SUR-CIUDAD BOLÍVAR,1,0,0,0,0,0,1,0,299.0,85.0,0.0,1.0,1.0,0.0,0.0,16.0,0.0,0.0,0.0,0.0,0.0,0.0,0.0,1120.2390951519285
EL RECUERDO-BOSA,11,1,5,1,0,3,1,0,8379.0,2072.0,30.0,99.0,31.0,1.0,8.0,27.0,0.0,0.0,0.0,12.0,0.0,2.0,0.0,1081.9823989647377
EL RECUERDO-TEUSAQUILLO,105,11,13,13,17,16,20,15,5264.0,2459.0,10.0,57.0,121.0,0.0,1.0,4.0,1.0,0.0,0.0,7.0,0.0,0.0,0.0,1344.2249863265054
EL REFUGIO DE SAN ANTONIO-USAQUÉN,1,0,0,0,0,0,1,0,999.0,337.0,2.0,11.0,18.0,0.0,2.0,1.0,0.0,0.0,0.0,0.0,0.0,1.0,0.0,452.3594809554718
EL REFUGIO LA ZELFITA-FONTIBÓN,11,3,4,1,1,1,1,0,10089.0,3416.0,26.0,154.0,150.0,1.0,2.0,4.0,2.0,0.0,0.0,1.0,0.0,0.0,0.0,989.2432095582215
EL REFUGIO-CHAPINERO,41,6,4,7,5,4,8,7,1594.0,795.0,1.0,3.0,4.0,1.0,1.0,0.0,0.0,0.0,0.0,0.0,0.0,0.0,0.0,837.084845907076
EL REFUGIO-USME,4,0,3,1,0,0,0,0,166.0,44.0,0.0,0.0,0.0,0.0,0.0,0.0,0.0,0.0,0.0,0.0,0.0,0.0,0.0,923.2126016806227
EL REMANSO-BOSA,21,4,4,4,1,2,3,3,899.0,261.0,2.0,4.0,2.0,1.0,3.0,13.0,1.0,0.0,0.0,1.0,0.0,1.0,0.0,651.2184876409209
EL RETIRO-CHAPINERO,486,98,49,16,36,33,162,92,1278.0,696.0,0.0,214.0,52.0,1.0,1.0,4.0,3.0,1.0,0.0,3.0,0.0,1.0,0.0,446.5099110557508
EL RINCON DE BOSA-BOSA,1,0,0,0,0,0,1,0,764.0,204.0,1.0,17.0,10.0,0.0,3.0,0.0,1.0,0.0,0.0,0.0,0.0,1.0,0.0,863.404119062706
EL RINCON DE IBERIA-SUBA,20,2,1,7,2,3,2,3,797.0,346.0,0.0,0.0,0.0,0.0,0.0,0.0,1.0,0.0,0.0,0.0,0.0,0.0,0.0,591.94119824513
EL RINCON DE LAS VILLAS-SUBA,3,1,0,0,1,0,0,1,231.0,93.0,0.0,3.0,0.0,0.0,0.0,0.0,0.0,0.0,0.0,0.0,0.0,0.0,0.0,438.69634829703267
EL RINCON DE LOS ANGELES-KENNEDY,3,0,0,1,1,1,0,0,6921.0,2359.0,3.0,73.0,45.0,0.0,1.0,6.0,5.0,0.0,0.0,3.0,0.0,4.0,0.0,861.6130206933028
EL ROSAL-CIUDAD BOLÍVAR,1,0,0,0,0,0,0,1,1248.0,382.0,1.0,5.0,3.0,0.0,0.0,0.0,0.0,0.0,0.0,0.0,0.0,0.0,0.0,1258.6223370170185
EL ROSAL-RAFAEL URIBE,6,1,1,0,1,1,0,2,215.0,77.0,1.0,0.0,0.0,0.0,0.0,1.0,0.0,0.0,0.0,0.0,0.0,1.0,0.0,944.3537971956126
EL ROSARIO III-KENNEDY,1,0,0,0,0,0,1,0,384.0,138.0,1.0,18.0,5.0,0.0,2.0,0.0,0.0,0.0,0.0,0.0,0.0,1.0,0.0,836.3131747657461
EL ROSARIO-BARRIOS UNIDOS,26,1,8,2,2,1,8,4,1298.0,526.0,3.0,50.0,46.0,0.0,8.0,0.0,1.0,0.0,0.0,4.0,0.0,0.0,0.0,560.4723730159196
EL ROSARIO-KENNEDY,5,1,0,0,0,1,3,0,2347.0,743.0,4.0,60.0,11.0,0.0,2.0,2.0,2.0,1.0,0.0,0.0,0.0,1.0,0.0,788.9457972721904
EL RUBI-BOSA,2,1,0,1,0,0,0,0,77.0,22.0,0.0,2.0,3.0,0.0,0.0,1.0,0.0,0.0,0.0,0.0,0.0,0.0,0.0,1212.9392059682414
EL RUBI-FONTIBÓN,8,3,0,0,0,3,2,0,874.0,301.0,0.0,0.0,0.0,0.0,0.0,0.0,0.0,0.0,0.0,0.0,0.0,0.0,0.0,605.2494228118319
EL SALITRE PARTE ALTA-SUBA,2,0,0,0,0,1,1,0,506.0,164.0,0.0,2.0,0.0,0.0,0.0,0.0,0.0,0.0,0.0,0.0,0.0,0.0,0.0,897.9497278729891
EL SALITRE-TEUSAQUILLO,80,10,13,8,13,11,10,15,2398.0,918.0,0.0,35.0,78.0,0.0,4.0,5.0,3.0,0.0,0.0,1.0,0.0,0.0,0.0,871.9490303343147
EL SAUCEDAL-KENNEDY,2,0,1,0,0,0,1,0,916.0,345.0,11.0,43.0,18.0,0.0,1.0,0.0,0.0,0.0,0.0,0.0,0.0,0.0,0.0,441.74664244206616
EL SOCORRO II SECTOR-RAFAEL URIBE,1,0,0,0,0,0,1,0,1493.0,503.0,1.0,3.0,1.0,0.0,2.0,1.0,2.0,0.0,0.0,2.0,0.0,1.0,0.0,514.9990436073211
EL SOCORRO III SECTOR-RAFAEL URIBE,3,0,0,0,0,1,0,2,277.0,93.0,1.0,1.0,1.0,0.0,1.0,3.0,0.0,0.0,0.0,0.0,0.0,0.0,0.0,393.47750996272606
EL SOCORRO-RAFAEL URIBE,25,2,6,1,4,6,2,4,1057.0,326.0,1.0,18.0,9.0,0.0,0.0,0.0,0.0,0.0,0.0,0.0,0.0,0.0,0.0,625.3524973284971
EL SOL-PUENTE ARANDA,11,1,1,0,2,5,2,0,2052.0,647.0,5.0,11.0,24.0,0.0,0.0,0.0,2.0,0.0,0.0,1.0,0.0,2.0,0.0,869.6558416250123
EL TEJAR-BOSA,12,0,1,3,1,4,0,3,211.0,90.0,0.0,43.0,0.0,0.0,0.0,0.0,0.0,0.0,0.0,0.0,0.0,0.0,0.0,479.711272747479
EL TESORITO-CIUDAD BOLÍVAR,17,1,2,5,1,5,1,2,2036.0,597.0,0.0,2.0,0.0,0.0,1.0,18.0,1.0,0.0,0.0,0.0,0.0,1.0,0.0,490.66643902354576
EL TESORO-CIUDAD BOLÍVAR,58,7,5,10,10,8,11,7,142.0,41.0,0.0,0.0,0.0,0.0,1.0,1.0,1.0,0.0,0.0,0.0,0.0,0.0,0.0,543.8128814520306
EL TINTAL A.S.D.-FONTIBÓN,39,4,3,7,2,10,8,5,20971.0,8130.0,5.0,36.0,79.0,2.0,2.0,11.0,13.0,27.0,0.0,1.0,1.0,1.0,1.0,489.2706475258995
EL TINTAL CENTRAL-FONTIBÓN,79,7,20,11,10,12,11,8,0.0,0.0,0.0,2.0,0.0,0.0,5.0,0.0,2.0,0.0,0.0,0.0,0.0,0.0,0.0,549.1704185410184
EL TINTAL-KENNEDY,364,30,66,55,53,66,43,51,1725.0,622.0,82.0,94.0,51.0,1.0,3.0,41.0,0.0,1.0,0.0,22.0,1.0,0.0,0.0,1674.9270171851995
EL TOCHE-BOSA,4,0,0,3,0,1,0,0,759.0,221.0,3.0,28.0,12.0,0.0,0.0,2.0,0.0,0.0,0.0,4.0,0.0,0.0,0.0,897.8470802015134
EL TRIANGULO-FONTIBÓN,1,0,0,0,0,1,0,0,399.0,123.0,6.0,4.0,5.0,0.0,1.0,0.0,0.0,0.0,0.0,0.0,0.0,0.0,0.0,1650.2050189232693
EL TRIANGULO-USME,4,0,1,0,1,1,1,0,343.0,109.0,0.0,7.0,2.0,0.0,0.0,4.0,2.0,0.0,1.0,1.0,0.0,0.0,0.0,239.37835845899198
EL TRIUNFO DE LAS AMERICAS-KENNEDY,2,0,0,0,0,1,1,0,728.0,289.0,0.0,0.0,1.0,0.0,1.0,0.0,1.0,0.0,0.0,0.0,0.0,0.0,0.0,1079.6973024211375
EL TRIUNFO SUR-CIUDAD BOLÍVAR,2,1,0,0,1,0,0,0,1376.0,466.0,0.0,0.0,0.0,0.0,0.0,1.0,0.0,0.0,0.0,0.0,0.0,0.0,0.0,681.1040276938305
EL TRIUNFO SUR-RAFAEL URIBE,5,1,0,0,1,1,2,0,242.0,93.0,0.0,10.0,1.0,0.0,0.0,1.0,0.0,0.0,0.0,0.0,0.0,0.0,0.0,663.5117078858814
EL TRIUNFO-RAFAEL URIBE,2,0,0,1,1,0,0,0,703.0,214.0,1.0,4.0,3.0,0.0,1.0,1.0,0.0,0.0,0.0,2.0,0.0,0.0,0.0,661.1194814344352
EL TRIUNFO-SANTA FE,6,0,2,0,0,0,1,3,3097.0,944.0,0.0,12.0,3.0,0.0,2.0,3.0,3.0,0.0,0.0,3.0,0.0,0.0,0.0,461.49324654233266
EL TUNO-USME,1,0,0,0,1,0,0,0,790.0,290.0,0.0,3.0,2.0,0.0,1.0,27.0,1.0,0.0,0.0,6.0,0.0,0.0,0.0,675.2519056409577
EL UVAL II SECTOR-USME,4,1,1,1,0,0,0,1,893.0,350.0,11.0,19.0,14.0,0.0,1.0,25.0,1.0,0.0,0.0,1.0,0.0,1.0,0.0,601.2669732500453
EL UVAL-USME,25,4,2,2,5,4,6,2,0.0,0.0,0.0,0.0,0.0,0.0,1.0,0.0,0.0,0.0,0.0,0.0,0.0,1.0,0.0,730.0203020962088
EL VERBENAL III SECTOR-USAQUÉN,8,1,0,5,1,0,1,0,582.0,199.0,3.0,11.0,11.0,0.0,0.0,1.0,0.0,0.0,0.0,0.0,0.0,0.0,0.0,419.52970438194586
EL VERBENAL-USAQUÉN,145,13,23,15,20,29,26,19,1460.0,645.0,0.0,1.0,4.0,0.0,0.0,1.0,0.0,0.0,0.0,0.0,0.0,0.0,0.0,603.8156545754645
EL VERGEL OCCIDENTAL-KENNEDY,20,2,2,2,3,6,4,1,494.0,292.0,38.0,51.0,15.0,0.0,1.0,7.0,0.0,0.0,0.0,6.0,0.0,0.0,0.0,1429.9707145983907
EL VERGEL-FONTIBÓN,12,0,1,3,4,1,2,1,0.0,0.0,3.0,0.0,10.0,1.0,0.0,2.0,0.0,0.0,0.0,1.0,0.0,0.0,0.0,1046.9478762987815
EL VERGEL-KENNEDY,44,5,6,8,9,6,4,6,2687.0,910.0,2.0,17.0,23.0,2.0,0.0,2.0,0.0,0.0,0.0,0.0,0.0,0.0,0.0,1280.1868590667625
EL VERGEL-LOS MÁRTIRES,47,6,6,7,1,8,5,14,3971.0,1562.0,30.0,199.0,104.0,0.0,6.0,1.0,4.0,0.0,0.0,4.0,0.0,3.0,0.0,546.3031542549517
EL VIRREY ULTIMA ETAPA-USME,5,1,0,0,0,0,3,1,3850.0,1202.0,3.0,19.0,20.0,0.0,2.0,23.0,4.0,0.0,0.0,3.0,0.0,1.0,0.0,408.2468146544011
EL VIRREY-USME,182,12,25,27,25,32,28,33,11634.0,3719.0,6.0,127.0,43.0,0.0,7.0,6.0,12.0,0.0,0.0,3.0,0.0,3.0,1.0,373.90407289276476
EMAUS-CHAPINERO,31,4,4,5,3,3,5,7,1273.0,713.0,5.0,93.0,72.0,0.0,2.0,1.0,3.0,0.0,0.0,4.0,0.0,0.0,0.0,240.49477623668201
ENGATIVA ZONA URBANA-ENGATIVÁ,109,10,17,10,12,26,14,20,3143.0,992.0,18.0,69.0,56.0,0.0,13.0,3.0,1.0,0.0,0.0,12.0,0.0,6.0,0.0,1729.2613344304086
ESCOCIA-BOSA,71,9,12,5,12,11,10,12,0.0,0.0,0.0,0.0,1.0,0.0,0.0,0.0,0.0,0.0,0.0,0.0,0.0,0.0,0.0,937.7099164336997
ESCUELA DE CARABINEROS-SUBA,4,1,0,0,2,0,1,0,375.0,138.0,0.0,2.0,1.0,0.0,3.0,2.0,0.0,0.0,0.0,0.0,0.0,0.0,0.0,1575.4711174269823
ESCUELA MILITAR-BARRIOS UNIDOS,40,1,5,9,3,11,5,6,16.0,9.0,0.0,0.0,1.0,0.0,1.0,0.0,0.0,0.0,0.0,0.0,0.0,0.0,0.0,604.6783651517002
ESPARTILLAL-CHAPINERO,109,20,11,8,10,16,23,21,1007.0,553.0,1.0,85.0,140.0,1.0,2.0,3.0,1.0,0.0,0.0,3.0,1.0,1.0,1.0,269.2784709635133
ESPINOS I-CIUDAD BOLÍVAR,6,2,0,0,1,2,1,0,2568.0,692.0,0.0,13.0,8.0,0.0,3.0,33.0,1.0,0.0,0.0,15.0,0.0,0.0,0.0,503.50707953722184
ESTACION CENTRAL-PUENTE ARANDA,87,5,10,12,14,18,12,16,2162.0,620.0,171.0,15.0,30.0,0.0,9.0,2.0,1.0,0.0,0.0,3.0,0.0,1.0,0.0,872.5386979623075
ESTRELLA DEL NORTE-USAQUÉN,46,4,6,7,5,9,5,10,2645.0,1221.0,1.0,5.0,16.0,0.0,0.0,0.0,2.0,0.0,0.0,0.0,0.0,3.0,0.0,741.6101078153762
ESTRELLA-TEUSAQUILLO,28,1,1,6,7,6,0,7,1189.0,632.0,7.0,92.0,40.0,0.0,4.0,1.0,0.0,0.0,0.0,0.0,0.0,0.0,0.0,606.7605125830613
FATIMA-TUNJUELITO,165,17,18,18,23,22,27,40,14909.0,5333.0,18.0,126.0,82.0,2.0,6.0,2.0,0.0,0.0,2.0,12.0,1.0,8.0,1.0,289.33574596647793
FE Y ALEGRIA-KENNEDY,1,0,1,0,0,0,0,0,0.0,0.0,0.0,0.0,0.0,0.0,0.0,0.0,0.0,0.0,0.0,0.0,0.0,1.0,0.0,922.7807719183792
FERROCAJA-FONTIBÓN,85,9,9,11,17,10,13,16,630.0,274.0,0.0,0.0,1.0,0.0,0.0,0.0,0.0,0.0,0.0,0.0,0.0,0.0,0.0,564.2391652317476
FISCALA ALTA-USME,13,2,1,0,5,2,2,1,171.0,66.0,0.0,0.0,0.0,0.0,0.0,0.0,6.0,0.0,1.0,0.0,0.0,0.0,0.0,1607.0750282228576
FISCALA SECTOR CENTRO-USME,3,0,2,0,1,0,0,0,1479.0,450.0,3.0,43.0,11.0,0.0,0.0,45.0,7.0,0.0,0.0,2.0,0.0,0.0,0.0,672.9961098992351
FLANDES-FONTIBÓN,7,0,0,1,1,2,0,3,3657.0,1291.0,5.0,81.0,40.0,0.0,0.0,2.0,0.0,0.0,1.0,1.0,0.0,0.0,0.0,413.46566962644056
FLORENCIA-ENGATIVÁ,133,10,22,21,23,21,16,20,5184.0,1935.0,7.0,65.0,12.0,0.0,4.0,6.0,2.0,0.0,0.0,1.0,0.0,3.0,0.0,648.5234403480672
FLORIDA BLANCA-ENGATIVÁ,143,12,25,18,27,20,18,23,17433.0,6258.0,161.0,310.0,189.0,1.0,21.0,4.0,2.0,0.0,0.0,13.0,0.0,5.0,1.0,122.29647024948302
FLORIDA SUR ALTO-CIUDAD BOLÍVAR,2,0,0,2,0,0,0,0,349.0,104.0,0.0,0.0,0.0,0.0,0.0,0.0,31.0,0.0,0.0,2.0,0.0,0.0,0.0,696.7113805242183
FONTANAR DEL RIO-SUBA,31,3,7,3,4,3,2,9,2480.0,756.0,0.0,7.0,2.0,0.0,3.0,0.0,2.0,0.0,0.0,0.0,0.0,1.0,0.0,801.6514061395549
FRANCO-FONTIBÓN,68,4,10,12,9,16,10,7,102.0,43.0,47.0,66.0,121.0,0.0,3.0,1.0,3.0,0.0,0.0,6.0,0.0,0.0,0.0,842.8678306961489
GALAN-PUENTE ARANDA,367,24,62,40,67,58,50,66,14816.0,4597.0,41.0,160.0,49.0,0.0,9.0,0.0,1.0,0.0,0.0,8.0,2.0,2.0,0.0,344.4029846767416
GALERIAS-TEUSAQUILLO,859,125,110,75,100,112,198,139,2519.0,1262.0,1.0,149.0,215.0,2.0,5.0,2.0,3.0,0.0,0.0,6.0,1.0,1.0,1.0,89.91481651933908
GALICIA-CIUDAD BOLÍVAR,75,4,12,11,16,12,12,8,12.0,4.0,1.0,0.0,0.0,0.0,0.0,0.0,1.0,0.0,0.0,0.0,0.0,0.0,0.0,1471.700814916587
GARCES NAVAS-ENGATIVÁ,257,14,57,19,38,42,39,48,21722.0,6991.0,14.0,214.0,163.0,0.0,29.0,3.0,20.0,1.0,0.0,18.0,1.0,8.0,0.0,689.626872525534
GETSEMANI-BOSA,2,0,1,0,0,0,0,1,841.0,198.0,3.0,20.0,11.0,0.0,1.0,8.0,0.0,0.0,0.0,1.0,0.0,1.0,0.0,196.92180353508718
GILMAR II-SUBA,11,1,0,2,1,3,2,2,1196.0,537.0,0.0,0.0,0.0,0.0,0.0,0.0,1.0,0.0,0.0,0.0,0.0,0.0,0.0,873.3428998904205
GILMAR-SUBA,117,9,29,8,15,18,16,22,14.0,4.0,0.0,0.0,0.0,0.0,0.0,2.0,0.0,0.0,0.0,0.0,0.0,0.0,0.0,765.4654312077134
GINEBRA NORTE-USAQUÉN,4,0,0,0,1,2,0,1,288.0,166.0,0.0,3.0,48.0,1.0,0.0,0.0,1.0,0.0,0.0,2.0,0.0,0.0,1.0,174.5472482894542
GINEBRA-USAQUÉN,20,0,4,1,4,3,4,4,307.0,92.0,0.0,0.0,0.0,0.0,1.0,0.0,0.0,0.0,1.0,0.0,1.0,0.0,0.0,265.3551802084807
GORGONZOLA-PUENTE ARANDA,51,3,7,3,6,12,10,10,196.0,91.0,147.0,9.0,55.0,0.0,2.0,0.0,1.0,0.0,0.0,1.0,0.0,1.0,0.0,425.7451870184385
GRAN AMERICA-TEUSAQUILLO,155,13,33,23,22,19,14,31,1749.0,802.0,0.0,17.0,71.0,0.0,2.0,2.0,0.0,0.0,0.0,7.0,0.0,1.0,0.0,1110.6639063952812
GRAN BRITALIA-BOSA,27,3,7,3,2,2,4,6,1113.0,651.0,0.0,1.0,0.0,0.0,0.0,0.0,0.0,0.0,0.0,15.0,1.0,0.0,0.0,603.3174856178869
GRAN BRITALIA-KENNEDY,238,30,38,33,33,31,39,34,23549.0,7592.0,28.0,343.0,60.0,10.0,15.0,21.0,7.0,0.0,0.0,10.0,0.0,8.0,1.0,366.57442129332117
GRAN COLOMBIA-SANTA FE,2,0,0,0,1,1,0,0,592.0,175.0,0.0,1.0,0.0,0.0,1.0,9.0,1.0,0.0,0.0,1.0,0.0,0.0,0.0,482.71963585995235
GRAN GRANADA-ENGATIVÁ,189,14,28,28,31,31,20,37,3485.0,1099.0,0.0,14.0,15.0,0.0,1.0,0.0,3.0,0.0,0.0,1.0,0.0,0.0,0.0,422.79807539125665
GRAN YOMASA-USME,91,12,16,9,15,10,16,13,4583.0,1440.0,2.0,40.0,4.0,0.0,3.0,4.0,0.0,0.0,0.0,0.0,0.0,1.0,0.0,743.1505736245039
GRANADA NORTE-SUBA,85,8,11,16,12,17,9,12,1237.0,523.0,1.0,18.0,5.0,0.0,0.0,0.0,0.0,0.0,0.0,0.0,0.0,0.0,0.0,543.6310301868765
GRANADA SUR-SAN CRISTÓBAL,42,8,7,7,5,5,5,5,4836.0,1322.0,0.0,33.0,38.0,0.0,2.0,1.0,3.0,0.0,0.0,4.0,1.0,2.0,0.0,742.1844319971128
GRANADA-CHAPINERO,29,2,4,4,7,3,3,6,3482.0,1966.0,2.0,78.0,103.0,0.0,16.0,1.0,0.0,0.0,0.0,10.0,0.0,3.0,0.0,278.19618738907644
GRANCOLOMBIANO II SECTOR-BOSA,3,0,0,1,0,1,1,0,6912.0,1951.0,4.0,81.0,22.0,0.0,5.0,2.0,5.0,0.0,0.0,0.0,0.0,0.0,1.0,199.11553534368431
GRANJAS DE SAN PABLO-RAFAEL URIBE,43,3,3,5,14,6,6,6,167.0,55.0,1.0,7.0,3.0,0.0,2.0,1.0,0.0,0.0,0.0,1.0,0.0,0.0,0.0,608.7391587822873
GRANJAS DE TECHO-FONTIBÓN,75,3,10,14,12,10,12,14,177.0,70.0,60.0,64.0,58.0,0.0,5.0,8.0,0.0,0.0,0.0,4.0,0.0,0.0,0.0,712.5033096349035
GRATAMIRA-SUBA,60,5,4,6,13,8,15,9,1095.0,379.0,0.0,1.0,0.0,0.0,0.0,0.0,1.0,0.0,0.0,0.0,0.0,0.0,0.0,953.6459620068929
GUACAMAYAS III SECTOR-SAN CRISTÓBAL,3,0,0,1,0,0,0,2,863.0,217.0,1.0,8.0,6.0,0.0,0.0,0.0,1.0,0.0,0.0,1.0,0.0,0.0,0.0,718.4610437892671
GUADALUPE-CIUDAD BOLÍVAR,21,1,3,2,1,4,6,4,0.0,0.0,10.0,0.0,3.0,0.0,0.0,1.0,0.0,0.0,0.0,0.0,0.0,0.0,0.0,600.0281472038337
GUADALUPE-KENNEDY,7,0,3,1,0,0,3,0,358.0,100.0,0.0,78.0,0.0,0.0,0.0,0.0,0.0,0.0,0.0,0.0,0.0,0.0,0.0,771.8446367461371
GUADUAL FONTIBON-FONTIBÓN,16,0,3,2,3,3,2,3,2769.0,924.0,19.0,60.0,36.0,0.0,1.0,2.0,0.0,0.0,0.0,2.0,0.0,1.0,0.0,813.5781265136735
GUADUAL-FONTIBÓN,9,0,1,3,0,1,2,2,292.0,121.0,1.0,15.0,5.0,0.0,0.0,1.0,0.0,0.0,0.0,0.0,1.0,0.0,0.0,831.4001697677379
GUILLERMO NUÑEZ-SUBA,1,0,0,0,0,0,1,0,1955.0,646.0,5.0,4.0,2.0,0.0,0.0,16.0,0.0,0.0,0.0,0.0,0.0,0.0,0.0,780.5047067292118
GUIPARMA-RAFAEL URIBE,8,1,1,2,1,1,0,2,419.0,136.0,0.0,21.0,6.0,0.0,0.0,0.0,0.0,0.0,0.0,2.0,0.0,1.0,0.0,568.8685898388575
GUSTAVO RESTREPO-RAFAEL URIBE,247,23,37,36,26,44,37,44,13124.0,4206.0,16.0,227.0,47.0,0.0,9.0,4.0,11.0,0.0,0.0,4.0,0.0,4.0,1.0,264.35355209892396
HACIENDA LOS MOLINOS-RAFAEL URIBE,13,1,2,1,2,2,2,3,1956.0,608.0,0.0,1.0,1.0,0.0,0.0,3.0,3.0,0.0,0.0,0.0,0.0,0.0,0.0,612.8995517782274
HIPOLITO RESTREPO-USAQUÉN,1,0,1,0,0,0,0,0,1342.0,418.0,3.0,14.0,25.0,0.0,1.0,3.0,0.0,0.0,0.0,0.0,0.0,0.0,0.0,792.7161636570312
HIPOTECHO OCCIDENTAL-KENNEDY,322,42,39,45,40,50,67,39,5990.0,2532.0,20.0,29.0,14.0,0.0,1.0,1.0,2.0,0.0,0.0,2.0,0.0,1.0,0.0,579.5555231366986
HOLANDA I SECTOR-BOSA,5,0,0,0,1,1,1,2,387.0,203.0,5.0,52.0,0.0,0.0,2.0,2.0,0.0,0.0,0.0,5.0,0.0,0.0,0.0,579.1218061550837
HOLANDA-BOSA,7,1,1,0,2,1,1,1,847.0,407.0,8.0,113.0,3.0,0.0,3.0,1.0,0.0,0.0,0.0,1.0,0.0,1.0,0.0,573.9454950501466
HORIZONTE OCCIDENTE-KENNEDY,1,0,1,0,0,0,0,0,1548.0,524.0,2.0,14.0,2.0,0.0,1.0,4.0,0.0,0.0,0.0,0.0,0.0,1.0,0.0,754.841628638887
HORIZONTE SALITRE-SUBA,1,0,0,0,0,1,0,0,0.0,0.0,0.0,0.0,0.0,0.0,0.0,0.0,0.0,0.0,0.0,0.0,0.0,0.0,0.0,516.7510579436962
HORIZONTES-USAQUÉN,5,0,1,0,0,1,1,2,3073.0,880.0,1.0,54.0,14.0,0.0,2.0,0.0,1.0,0.0,0.0,0.0,1.0,1.0,0.0,172.3849487459604
HUERTOS DE LA ESTANCIA-SUBA,1,0,0,0,0,0,0,1,291.0,128.0,0.0,0.0,0.0,0.0,0.0,0.0,1.0,0.0,0.0,0.0,0.0,0.0,0.0,302.05745882110875
HUMBERTO VALENCIA-BOSA,3,0,1,0,0,1,0,1,1172.0,399.0,3.0,32.0,4.0,0.0,2.0,0.0,1.0,0.0,0.0,1.0,0.0,1.0,0.0,379.4009758693952
IBERIA-SUBA,60,8,10,7,6,11,8,10,1625.0,656.0,1.0,0.0,8.0,0.0,0.0,0.0,3.0,0.0,0.0,0.0,0.0,0.0,0.0,706.0777028154372
IBIZA-USAQUÉN,1,1,0,0,0,0,0,0,0.0,0.0,0.0,0.0,0.0,0.0,0.0,1.0,0.0,0.0,0.0,0.0,0.0,0.0,0.0,454.0273163741629
INDUSTRIAL CENTENARIO-PUENTE ARANDA,154,6,24,31,16,29,27,21,231.0,79.0,149.0,28.0,58.0,0.0,0.0,1.0,0.0,0.0,0.0,0.0,0.0,0.0,0.0,1216.7359727406774
INES ELVIRA-CIUDAD BOLÍVAR,1,0,0,1,0,0,0,0,662.0,218.0,0.0,16.0,8.0,0.0,2.0,0.0,0.0,0.0,0.0,0.0,0.0,0.0,0.0,942.6984483978214
INGEMAR-CHAPINERO,16,6,0,1,0,3,3,3,1487.0,804.0,0.0,0.0,2.0,0.0,0.0,0.0,2.0,0.0,0.0,0.0,0.0,0.0,0.0,682.155699166266
INGLES-RAFAEL URIBE,123,14,24,8,20,11,18,28,9118.0,2935.0,70.0,132.0,86.0,0.0,3.0,7.0,0.0,0.0,0.0,10.0,1.0,2.0,0.0,403.14825304019644
INTERINDUSTRIAL-FONTIBÓN,4,0,1,0,1,0,1,1,0.0,0.0,0.0,2.0,0.0,0.0,0.0,1.0,0.0,0.0,0.0,0.0,0.0,0.0,0.0,1286.4914215948565
INTERNACIONAL-FONTIBÓN,1,0,0,0,0,0,1,0,1854.0,673.0,1.0,32.0,34.0,0.0,4.0,0.0,0.0,0.0,0.0,0.0,0.0,1.0,0.0,293.21927743261364
ISLA DEL SOL-TUNJUELITO,64,5,7,9,10,9,12,12,11555.0,3515.0,17.0,90.0,17.0,0.0,3.0,1.0,0.0,0.0,0.0,4.0,0.0,1.0,0.0,1478.022607992486
ISLANDIA-BOSA,30,1,0,5,5,8,3,8,2114.0,549.0,0.0,12.0,11.0,0.0,3.0,2.0,1.0,0.0,0.0,3.0,0.0,1.0,0.0,809.0118810657001
ISMAEL PERDOMO-CIUDAD BOLÍVAR,180,16,28,27,25,26,26,32,11242.0,3362.0,19.0,385.0,111.0,0.0,19.0,8.0,10.0,0.0,2.0,6.0,0.0,7.0,0.0,1417.196210414488
JACQUELINE-KENNEDY,39,5,5,4,7,5,3,10,5475.0,1527.0,5.0,44.0,15.0,0.0,2.0,3.0,4.0,0.0,0.0,3.0,0.0,1.0,0.0,369.2555253967285
JAIME BERMEO-SUBA,8,1,0,1,1,2,2,1,333.0,82.0,2.0,1.0,2.0,1.0,0.0,1.0,0.0,0.0,0.0,1.0,0.0,0.0,0.0,535.432349540714
JARDIN NORTE-USAQUÉN,5,1,0,1,1,2,0,0,1973.0,532.0,6.0,27.0,18.0,0.0,0.0,1.0,0.0,0.0,0.0,1.0,0.0,0.0,0.0,902.2695194171722
JARDINES DE ORIENTE-USAQUÉN,3,1,0,0,1,0,1,0,1429.0,555.0,0.0,5.0,6.0,0.0,1.0,0.0,3.0,0.0,0.0,0.0,0.0,0.0,0.0,559.8815687168621
JAVA I SECTOR-SUBA,5,2,0,0,0,1,1,1,1591.0,635.0,2.0,80.0,62.0,0.0,12.0,3.0,0.0,0.0,0.0,1.0,0.0,4.0,0.0,1125.1496426740837
JAVA II SECTOR-SUBA,2,0,0,1,1,0,0,0,1191.0,398.0,1.0,11.0,15.0,0.0,0.0,0.0,0.0,0.0,0.0,1.0,0.0,0.0,0.0,1034.6606974303816
JAZMIN OCCIDENTAL-KENNEDY,9,1,3,2,2,0,1,0,3953.0,1311.0,18.0,26.0,22.0,0.0,3.0,7.0,0.0,0.0,0.0,3.0,0.0,1.0,0.0,1744.389648935581
JERICO-FONTIBÓN,8,2,0,1,2,2,1,0,631.0,236.0,35.0,2.0,3.0,0.0,0.0,3.0,0.0,0.0,0.0,0.0,0.0,0.0,0.0,1045.5843600724156
JERUSALEN-CIUDAD BOLÍVAR,83,8,8,11,10,15,15,16,10897.0,2852.0,8.0,157.0,56.0,0.0,8.0,1.0,1.0,0.0,0.0,7.0,0.0,3.0,0.0,550.1603968984273
JIMENEZ DE QUESADA-BOSA,97,12,17,14,12,10,16,16,845.0,219.0,1.0,58.0,17.0,0.0,0.0,0.0,0.0,0.0,0.0,1.0,0.0,1.0,0.0,759.3354118211563
JORGE ELIECER GAITAN-BARRIOS UNIDOS,100,7,12,15,28,8,17,13,3599.0,1259.0,202.0,226.0,210.0,1.0,4.0,4.0,1.0,0.0,0.0,4.0,0.0,3.0,0.0,1057.4139475182317
JORGE GAITAN CORTES-PUENTE ARANDA,27,2,2,6,4,6,4,3,1473.0,493.0,0.0,2.0,2.0,0.0,0.0,0.0,1.0,0.0,0.0,2.0,0.0,0.0,0.0,910.0192236693383
JORGE URIBE BOTERO-BOSA,24,4,3,5,1,5,2,4,910.0,266.0,32.0,1.0,12.0,0.0,0.0,3.0,0.0,0.0,0.0,5.0,3.0,0.0,0.0,900.7812640128195
JOSE ANTONIO GALAN-BOSA,73,11,13,11,6,10,14,8,9343.0,3009.0,18.0,155.0,108.0,0.0,2.0,6.0,2.0,0.0,0.0,1.0,1.0,4.0,0.0,795.7130986267186
JOSE JOAQUIN VARGAS-BARRIOS UNIDOS,144,9,22,12,26,21,25,29,2363.0,914.0,0.0,19.0,11.0,0.0,3.0,0.0,0.0,0.0,0.0,0.0,1.0,0.0,0.0,758.4783271911116
JUAN JOSE RONDON-CIUDAD BOLÍVAR,49,2,7,3,8,9,8,12,10863.0,2996.0,4.0,28.0,14.0,0.0,5.0,20.0,10.0,0.0,0.0,0.0,0.0,1.0,0.0,405.6883018537438
JUAN JOSE RONDON-USME,6,2,1,1,0,1,1,0,747.0,282.0,0.0,2.0,2.0,0.0,3.0,25.0,2.0,0.0,0.0,4.0,0.0,0.0,0.0,2008.039875374287
JUAN PABLO I-KENNEDY,3,0,0,0,1,1,0,1,280.0,72.0,0.0,0.0,0.0,0.0,0.0,0.0,0.0,0.0,0.0,0.0,0.0,0.0,0.0,108.45470873646727
JUAN PABLO II-CIUDAD BOLÍVAR,86,7,13,13,11,11,19,12,8335.0,2664.0,1.0,0.0,3.0,0.0,1.0,24.0,1.0,0.0,0.0,0.0,1.0,2.0,0.0,359.6880542819376
JUAN REY-SAN CRISTÓBAL,86,9,14,9,13,15,14,12,6209.0,2370.0,4.0,34.0,12.0,1.0,4.0,103.0,1.0,0.0,0.0,10.0,0.0,2.0,0.0,762.7571582133693
JUAN XXIII-BARRIOS UNIDOS,45,4,8,4,5,5,8,11,1691.0,716.0,38.0,114.0,139.0,1.0,2.0,2.0,1.0,0.0,0.0,1.0,2.0,3.0,0.0,803.3466105001502
JUAN XXIII-CHAPINERO,7,0,1,0,1,0,1,4,1240.0,289.0,0.0,19.0,6.0,0.0,0.0,2.0,0.0,0.0,0.0,0.0,0.0,0.0,0.0,307.96771021841516
JULIO FLOREZ-SUBA,96,14,20,6,16,13,10,17,1242.0,487.0,5.0,19.0,16.0,0.0,1.0,2.0,1.0,0.0,0.0,3.0,0.0,1.0,0.0,681.6222954353793
KASANDRA-FONTIBÓN,15,1,3,2,3,1,3,2,2928.0,972.0,12.0,67.0,26.0,0.0,0.0,3.0,2.0,0.0,0.0,2.0,0.0,0.0,0.0,2117.382003289647
LA ALAMEDA II SECTOR-CIUDAD BOLÍVAR,1,0,0,0,1,0,0,0,345.0,110.0,0.0,0.0,0.0,0.0,0.0,0.0,0.0,0.0,0.0,0.0,0.0,1.0,0.0,553.4383618328129
LA ALAMEDA-CIUDAD BOLÍVAR,14,2,4,2,2,2,1,1,69.0,19.0,0.0,1.0,0.0,0.0,0.0,0.0,0.0,0.0,0.0,0.0,0.0,0.0,0.0,669.3429644497259
LA ALAMEDA-SANTA FE,211,34,36,23,33,21,28,36,4282.0,2546.0,13.0,162.0,401.0,12.0,8.0,8.0,1.0,0.0,0.0,5.0,3.0,1.0,1.0,44.49631318938079
LA ALAMEDA-SUBA,8,0,2,3,0,2,0,1,0.0,0.0,0.0,0.0,0.0,0.0,0.0,0.0,0.0,0.0,0.0,0.0,0.0,0.0,0.0,1600.924443197134
LA ALBORADA-SUBA,22,3,6,1,2,4,2,4,2109.0,801.0,9.0,21.0,27.0,1.0,2.0,0.0,6.0,0.0,0.0,4.0,0.0,0.0,0.0,788.1091307130047
LA ALHAMBRA SECTOR NORTE-SUBA,132,7,23,19,25,16,19,23,2554.0,1160.0,0.0,31.0,1.0,0.0,0.0,0.0,1.0,0.0,0.0,0.0,0.0,0.0,1.0,326.1148229809596
LA ALMERIA-ENGATIVÁ,7,0,1,2,0,2,1,1,1254.0,429.0,5.0,49.0,19.0,0.0,1.0,0.0,1.0,0.0,0.0,2.0,0.0,0.0,0.0,794.3341960020963
LA ALQUERIA-PUENTE ARANDA,204,13,25,20,42,32,34,38,8110.0,2257.0,49.0,266.0,14.0,0.0,5.0,0.0,2.0,0.0,0.0,12.0,0.0,4.0,1.0,372.22530451489934
LA AMISTAD BOSA-BOSA,44,3,7,4,10,5,3,12,3533.0,860.0,0.0,46.0,5.0,0.0,0.0,0.0,1.0,0.0,0.0,0.0,1.0,0.0,0.0,526.3138866691692
LA ANDREA-USME,43,3,6,5,10,9,5,5,3590.0,1134.0,0.0,70.0,2.0,0.0,5.0,4.0,2.0,0.0,0.0,1.0,1.0,2.0,0.0,989.2313378620847
LA ASUNCION-PUENTE ARANDA,98,9,28,14,10,11,9,17,4602.0,1606.0,38.0,18.0,3.0,0.0,1.0,5.0,0.0,0.0,0.0,9.0,0.0,3.0,0.0,509.4911758377793
LA AURORA-BARRIOS UNIDOS,26,0,6,5,6,2,3,4,1836.0,712.0,23.0,60.0,103.0,0.0,1.0,1.0,1.0,0.0,1.0,6.0,1.0,0.0,0.0,593.2130420361202
LA AURORA-BOSA,4,0,1,0,2,0,0,1,454.0,83.0,0.0,13.0,6.0,0.0,0.0,0.0,0.0,0.0,0.0,0.0,0.0,1.0,0.0,612.2138992066315
LA AURORA-SUBA,24,2,5,1,5,4,4,3,1333.0,469.0,0.0,16.0,20.0,0.0,0.0,0.0,0.0,0.0,0.0,1.0,0.0,0.0,0.0,173.70607474505778
LA BELLEZA-SAN CRISTÓBAL,14,2,2,3,1,4,2,0,3194.0,946.0,0.0,20.0,8.0,0.0,3.0,58.0,3.0,0.0,1.0,2.0,0.0,1.0,0.0,784.1387159664108
LA CABAÑA-BOSA,18,2,2,3,5,3,0,3,4142.0,1294.0,1.0,4.0,1.0,0.0,0.0,2.0,1.0,0.0,0.0,0.0,0.0,0.0,0.0,797.992229980974
LA CABAÑA-CIUDAD BOLÍVAR,2,0,1,1,0,0,0,0,417.0,117.0,0.0,0.0,0.0,0.0,0.0,0.0,0.0,0.0,0.0,0.0,0.0,0.0,0.0,720.5028351024167
LA CABAÑA-ENGATIVÁ,60,6,6,7,8,11,10,12,2735.0,901.0,43.0,11.0,55.0,0.0,1.0,2.0,0.0,0.0,0.0,3.0,0.0,2.0,0.0,795.5796044687336
LA CABAÑA-USME,11,2,1,2,3,2,1,0,1303.0,457.0,0.0,5.0,5.0,0.0,1.0,4.0,1.0,0.0,0.0,0.0,0.0,1.0,0.0,927.9774352954213
LA CABRERA-CHAPINERO,300,48,35,24,24,22,86,61,4370.0,2055.0,3.0,161.0,65.0,0.0,7.0,4.0,3.0,0.0,0.0,8.0,1.0,2.0,1.0,162.2085541463178
LA CALLEJA-USAQUÉN,187,8,42,24,29,37,18,29,3284.0,1385.0,7.0,6.0,29.0,0.0,1.0,1.0,2.0,0.0,0.0,1.0,0.0,4.0,0.0,690.8585555452732
LA CAMELIA-PUENTE ARANDA,29,3,4,4,4,5,6,3,3762.0,1266.0,2.0,15.0,5.0,0.0,2.0,0.0,1.0,0.0,0.0,0.0,0.0,3.0,0.0,672.4339591575665
LA CAMPIÑA II SECTOR-SUBA,9,0,4,1,0,1,2,1,201.0,69.0,0.0,1.0,1.0,0.0,0.0,1.0,1.0,0.0,0.0,0.0,0.0,0.0,0.0,1090.5178658198877
LA CAPILLA DE SUBA-SUBA,3,0,0,0,1,1,0,1,237.0,74.0,0.0,4.0,0.0,0.0,0.0,0.0,0.0,0.0,0.0,0.0,0.0,0.0,0.0,767.2328803267677
LA CAPUCHINA-SANTA FE,618,76,90,80,104,78,119,71,2303.0,1202.0,23.0,710.0,398.0,0.0,7.0,2.0,1.0,0.0,0.0,7.0,5.0,0.0,1.0,256.57858323310677
LA CARBONERA II-CIUDAD BOLÍVAR,1,0,0,0,1,0,0,0,160.0,37.0,0.0,0.0,0.0,0.0,1.0,41.0,0.0,0.0,0.0,0.0,0.0,0.0,0.0,1049.219303942386
LA CAROLINA-USAQUÉN,65,7,9,11,7,8,11,12,198.0,78.0,0.0,0.0,0.0,0.0,3.0,0.0,0.0,0.0,0.0,0.0,0.0,3.0,0.0,714.3062061031236
LA CASTAÑA-SAN CRISTÓBAL,6,0,1,1,1,0,3,0,3050.0,958.0,2.0,30.0,14.0,0.0,2.0,6.0,2.0,0.0,0.0,3.0,0.0,0.0,0.0,960.9441619832781
LA CASTELLANA OCCIDENTAL-BARRIOS UNIDOS,11,1,1,0,2,2,2,3,1133.0,525.0,14.0,63.0,32.0,0.0,2.0,0.0,1.0,0.0,0.0,2.0,0.0,0.0,0.0,696.6318456217145
LA CASTELLANA-BARRIOS UNIDOS,430,30,72,53,63,79,52,81,1945.0,1010.0,6.0,257.0,375.0,0.0,25.0,4.0,1.0,0.0,0.0,21.0,1.0,3.0,0.0,795.456866647978
LA CATEDRAL-CANDELARIA,205,23,25,21,32,33,30,41,1627.0,905.0,0.0,370.0,262.0,0.0,60.0,0.0,2.0,0.0,0.0,6.0,0.0,4.0,1.0,230.6463807116391
LA CHUCUA NORTE-SUBA,31,3,3,5,4,10,2,4,639.0,197.0,0.0,1.0,0.0,0.0,0.0,0.0,0.0,0.0,0.0,0.0,0.0,0.0,0.0,632.7109484437498
LA CHUCUA-KENNEDY,30,4,2,4,6,1,4,9,1225.0,349.0,17.0,36.0,8.0,0.0,1.0,0.0,0.0,0.0,0.0,3.0,0.0,0.0,0.0,514.4700823741437
LA CITA-USAQUÉN,8,0,0,3,1,3,0,1,16.0,4.0,0.0,0.0,1.0,0.0,1.0,0.0,0.0,0.0,0.0,0.0,0.0,1.0,0.0,1288.3132671027627
LA CLARITA-ENGATIVÁ,38,4,6,5,7,6,7,3,2895.0,1007.0,4.0,63.0,54.0,0.0,1.0,0.0,1.0,0.0,0.0,2.0,0.0,4.0,0.0,543.0047330543673
LA COLINA CAMPESTRE II SECTOR-SUBA,38,8,4,1,5,9,6,5,351.0,125.0,0.0,56.0,1.0,0.0,0.0,0.0,1.0,0.0,0.0,1.0,0.0,2.0,0.0,715.637538082067
LA COLMENA-SAN CRISTÓBAL,4,0,0,0,0,1,1,2,1599.0,534.0,0.0,5.0,1.0,0.0,2.0,3.0,0.0,0.0,0.0,2.0,0.0,1.0,0.0,572.9484679527674
LA CONCEPCION-BOSA,3,1,0,0,1,0,0,1,1138.0,209.0,0.0,1.0,2.0,0.0,0.0,0.0,1.0,0.0,0.0,1.0,0.0,1.0,0.0,481.43769658132385
LA CONCORDIA-CANDELARIA,38,7,6,2,5,8,3,7,586.0,273.0,0.0,51.0,36.0,0.0,15.0,4.0,1.0,0.0,0.0,0.0,0.0,1.0,0.0,366.8232891483884
LA CORUÑA-CIUDAD BOLÍVAR,56,6,7,12,7,9,4,11,5224.0,1593.0,2.0,83.0,10.0,0.0,0.0,1.0,3.0,0.0,0.0,0.0,0.0,1.0,0.0,623.7154330968707
LA CRUZ DE TERREROS-BOSA,2,0,2,0,0,0,0,0,700.0,275.0,10.0,22.0,7.0,0.0,0.0,1.0,0.0,0.0,0.0,0.0,0.0,0.0,0.0,340.91746848194174
LA CUMBRE-CIUDAD BOLÍVAR,1,0,0,1,0,0,0,0,438.0,135.0,0.0,0.0,1.0,0.0,2.0,0.0,114.0,0.0,0.0,0.0,1.0,0.0,0.0,670.1268243585919
LA ESMERALDA EL RECUERDO-USME,5,0,1,0,3,1,0,0,942.0,301.0,0.0,6.0,2.0,0.0,0.0,9.0,0.0,0.0,0.0,2.0,0.0,0.0,0.0,643.8141158000692
LA ESMERALDA SUR-CIUDAD BOLÍVAR,1,0,0,1,0,0,0,0,1986.0,618.0,0.0,0.0,0.0,0.0,0.0,1.0,0.0,0.0,0.0,0.0,0.0,0.0,0.0,484.0131076422285
LA ESMERALDA-BOSA,6,1,0,0,4,0,0,1,665.0,188.0,2.0,3.0,4.0,0.0,0.0,9.0,0.0,0.0,0.0,6.0,0.0,0.0,0.0,866.3284497693129
LA ESMERALDA-SUBA,14,4,2,2,0,3,2,1,296.0,65.0,0.0,0.0,0.0,0.0,0.0,2.0,0.0,0.0,0.0,0.0,0.0,0.0,0.0,710.4227511157974
LA ESMERALDA-TEUSAQUILLO,128,15,17,17,20,26,19,14,4840.0,1766.0,6.0,161.0,206.0,0.0,22.0,5.0,5.0,1.0,0.0,19.0,0.0,5.0,1.0,119.1296539817466
LA ESMERALDA-USME,5,2,0,0,0,1,2,0,201.0,62.0,0.0,1.0,3.0,0.0,0.0,3.0,1.0,0.0,0.0,0.0,0.0,0.0,0.0,527.111641995621
LA ESPERANZA ALTA-RAFAEL URIBE,4,1,1,1,0,0,1,0,0.0,0.0,0.0,0.0,0.0,0.0,0.0,0.0,0.0,0.0,0.0,0.0,0.0,0.0,0.0,828.3477899933542
LA ESPERANZA BRITALIA-SUBA,4,0,1,0,0,1,1,1,0.0,0.0,0.0,0.0,0.0,0.0,0.0,0.0,0.0,0.0,0.0,0.0,0.0,0.0,0.0,668.6641482875781
LA ESPERANZA DE TIBANICA-BOSA,2,0,0,0,0,2,0,0,403.0,93.0,1.0,5.0,0.0,0.0,0.0,2.0,0.0,0.0,0.0,0.0,0.0,0.0,0.0,530.9962543943401
LA ESPERANZA I-ENGATIVÁ,2,1,0,0,0,0,0,1,136.0,39.0,0.0,0.0,0.0,0.0,0.0,0.0,0.0,0.0,0.0,0.0,0.0,0.0,0.0,1593.4358289151437
LA ESPERANZA II-ENGATIVÁ,1,0,1,0,0,0,0,0,561.0,187.0,0.0,0.0,0.0,0.0,0.0,0.0,0.0,0.0,0.0,0.0,0.0,0.0,0.0,1560.9129692421598
LA ESPERANZA SUR-USME,12,1,1,3,1,4,2,0,605.0,197.0,0.0,1.0,0.0,0.0,0.0,6.0,0.0,0.0,0.0,0.0,0.0,0.0,0.0,1311.8068310237927
LA ESPERANZA-BARRIOS UNIDOS,46,4,4,4,5,9,8,12,2043.0,991.0,14.0,208.0,168.0,0.0,7.0,3.0,1.0,1.0,0.0,2.0,2.0,2.0,0.0,519.5723044503451
LA ESPERANZA-FONTIBÓN,79,8,17,8,14,9,7,16,8690.0,3386.0,7.0,25.0,104.0,0.0,0.0,16.0,16.0,7.0,1.0,2.0,0.0,3.0,0.0,475.6311488133217
LA ESPERANZA-KENNEDY,1,0,1,0,0,0,0,0,1019.0,350.0,4.0,37.0,16.0,0.0,0.0,1.0,2.0,0.0,0.0,0.0,0.0,0.0,0.0,555.68581842846
LA ESPERANZA-RAFAEL URIBE,1,0,0,0,1,0,0,0,339.0,84.0,0.0,0.0,0.0,0.0,0.0,0.0,0.0,0.0,0.0,0.0,0.0,0.0,0.0,390.1270759000842
LA ESPERANZA-SUBA,1,0,0,0,0,1,0,0,0.0,0.0,0.0,0.0,0.0,0.0,0.0,0.0,0.0,0.0,0.0,0.0,0.0,0.0,0.0,796.2815605298696
LA ESPERANZA-USAQUÉN,9,1,2,0,2,0,2,2,758.0,323.0,0.0,0.0,11.0,5.0,0.0,0.0,3.0,0.0,0.0,0.0,0.0,0.0,0.0,594.4175381275845
LA ESPERANZA-USME,16,0,5,2,3,1,3,2,617.0,228.0,0.0,0.0,1.0,0.0,0.0,29.0,2.0,0.0,0.0,0.0,0.0,0.0,0.0,592.560058437203
LA ESTANCIA-CIUDAD BOLÍVAR,150,12,22,23,20,19,23,31,14019.0,4099.0,36.0,209.0,106.0,0.0,13.0,3.0,8.0,0.0,0.0,5.0,0.0,5.0,0.0,729.842550635984
LA ESTANZUELA-BOSA,3,0,2,1,0,0,0,0,1501.0,341.0,1.0,44.0,3.0,0.0,1.0,0.0,0.0,0.0,0.0,0.0,0.0,0.0,0.0,378.9838644057275
LA ESTANZUELA-LOS MÁRTIRES,142,13,25,14,20,18,24,28,4437.0,1683.0,136.0,469.0,105.0,0.0,2.0,4.0,2.0,0.0,0.0,4.0,0.0,1.0,0.0,673.1287921088319
LA ESTANZUELA-SUBA,5,0,0,0,2,0,2,1,432.0,137.0,1.0,5.0,0.0,0.0,0.0,0.0,0.0,0.0,0.0,0.0,0.0,0.0,0.0,424.614681864366
LA ESTRADA-ENGATIVÁ,271,28,45,25,39,44,40,50,16357.0,5795.0,110.0,475.0,177.0,0.0,4.0,53.0,1.0,0.0,1.0,1.0,2.0,5.0,0.0,624.573838951445
LA ESTRADITA-ENGATIVÁ,37,1,5,7,4,7,4,9,3288.0,1186.0,7.0,85.0,15.0,0.0,1.0,1.0,1.0,0.0,0.0,1.0,1.0,1.0,0.0,1106.7119887518838
LA ESTRELLA SECTOR LAGOS-CIUDAD BOLÍVAR,2,0,0,1,1,0,0,0,313.0,114.0,0.0,4.0,0.0,0.0,0.0,0.0,0.0,0.0,0.0,0.0,0.0,0.0,0.0,472.10209705796
LA ESTRELLITA-USAQUÉN,4,0,0,0,1,1,0,2,472.0,128.0,0.0,15.0,6.0,0.0,1.0,1.0,0.0,0.0,0.0,0.0,0.0,0.0,0.0,132.3074483006621
LA FAENA-ENGATIVÁ,35,4,6,4,8,3,8,2,2187.0,700.0,1.0,2.0,2.0,0.0,0.0,0.0,0.0,0.0,0.0,0.0,0.0,0.0,0.0,1259.6328834635115
LA FAVORITA-LOS MÁRTIRES,198,12,27,31,22,34,26,46,3938.0,2064.0,74.0,406.0,223.0,0.0,5.0,6.0,0.0,1.0,0.0,4.0,0.0,0.0,0.0,610.0059671562128
LA FISCALA LOS TRES LAURELES-USME,1,0,0,0,0,0,1,0,273.0,92.0,0.0,1.0,2.0,0.0,0.0,0.0,0.0,0.0,0.0,2.0,0.0,0.0,0.0,581.6698650816876
LA FISCALA NORTE-USME,5,0,0,0,2,2,1,0,525.0,161.0,0.0,6.0,3.0,0.0,0.0,10.0,0.0,0.0,1.0,0.0,0.0,0.0,0.0,412.7187268634337
LA FISCALA SECTOR RODRIGUEZ-USME,1,1,0,0,0,0,0,0,534.0,179.0,1.0,6.0,2.0,0.0,0.0,10.0,0.0,0.0,0.0,0.0,0.0,1.0,0.0,663.2070822978646
LA FISCALA-USME,63,6,10,4,18,8,5,12,556.0,187.0,0.0,3.0,5.0,0.0,0.0,9.0,1.0,0.0,0.0,5.0,0.0,0.0,0.0,671.0107367388557
LA FLORESTA NORTE-SUBA,10,0,3,1,1,3,2,0,627.0,199.0,0.0,0.0,2.0,0.0,0.0,0.0,1.0,0.0,0.0,0.0,0.0,0.0,0.0,655.1421358900616
LA FLORESTA-SUBA,34,1,4,6,3,8,7,5,135.0,51.0,0.0,14.0,0.0,0.0,4.0,0.0,0.0,0.0,0.0,0.0,0.0,1.0,0.0,216.69673412350684
LA FLORIDA IV SECTOR-BOSA,1,0,0,0,0,1,0,0,1919.0,503.0,8.0,4.0,11.0,0.0,1.0,1.0,1.0,0.0,0.0,1.0,0.0,0.0,0.0,813.6472494560893
LA FLORIDA OCCIDENTAL-PUENTE ARANDA,36,2,7,5,8,3,6,5,68.0,29.0,38.0,4.0,10.0,0.0,0.0,1.0,0.0,0.0,0.0,0.0,0.0,0.0,0.0,998.1136817181289
LA FLORIDA-ENGATIVÁ,88,12,13,10,12,16,12,13,144.0,53.0,1.0,6.0,3.0,0.0,0.0,0.0,0.0,0.0,0.0,0.0,0.0,0.0,0.0,585.6607226253998
LA FONTANA I Y II-BOSA,2,1,0,0,0,0,0,1,339.0,94.0,4.0,3.0,0.0,0.0,0.0,0.0,0.0,0.0,0.0,0.0,0.0,0.0,0.0,282.36927092051707
LA FORTALEZA-USME,12,0,1,1,3,4,2,1,2384.0,733.0,0.0,36.0,4.0,0.0,0.0,2.0,8.0,0.0,0.0,0.0,0.0,0.0,0.0,449.26518644659336
LA FRAGUA-ANTONIO NARIÑO,57,6,11,9,11,8,5,7,3634.0,1155.0,14.0,49.0,49.0,0.0,4.0,1.0,5.0,0.0,0.0,1.0,0.0,2.0,0.0,642.0390378928265
LA FRAGUA-LOS MÁRTIRES,43,4,4,6,4,10,7,8,0.0,0.0,0.0,0.0,0.0,0.0,0.0,0.0,0.0,0.0,0.0,0.0,0.0,0.0,0.0,476.8785358633435
LA FRAGUITA-ANTONIO NARIÑO,50,5,15,2,3,9,8,8,5038.0,1658.0,68.0,76.0,50.0,0.0,9.0,4.0,3.0,0.0,0.0,4.0,0.0,2.0,0.0,583.8644659219392
LA FRANCIA-SUBA,4,2,0,1,1,0,0,0,1701.0,413.0,2.0,21.0,5.0,0.0,0.0,1.0,0.0,0.0,0.0,0.0,0.0,0.0,0.0,362.49598476061186
LA GAITANA-SUBA,298,34,44,45,45,40,48,42,14498.0,3522.0,4.0,274.0,33.0,0.0,12.0,5.0,1.0,0.0,0.0,2.0,0.0,4.0,1.0,418.83883573049
LA GIRALDA II SECTOR-FONTIBÓN,2,1,1,0,0,0,0,0,999.0,314.0,1.0,2.0,4.0,0.0,1.0,5.0,0.0,0.0,1.0,1.0,1.0,0.0,0.0,462.2287637700268
LA GIRALDA-FONTIBÓN,44,10,4,6,7,4,6,7,7845.0,2262.0,51.0,70.0,47.0,1.0,7.0,8.0,2.0,0.0,0.0,3.0,1.0,3.0,0.0,396.28430440218864
LA GIRALDILLA-KENNEDY,2,0,1,0,0,0,1,0,1638.0,615.0,7.0,32.0,42.0,0.0,1.0,0.0,6.0,0.0,0.0,0.0,0.0,0.0,0.0,685.3147370697351
LA GLORIA BAJA-SAN CRISTÓBAL,7,0,2,1,2,1,0,1,1208.0,362.0,0.0,12.0,10.0,0.0,2.0,1.0,0.0,0.0,0.0,1.0,0.0,0.0,0.0,551.8970322957942
LA GLORIA-SAN CRISTÓBAL,60,8,10,7,7,11,9,8,14452.0,3770.0,8.0,125.0,28.0,5.0,23.0,21.0,3.0,1.0,0.0,8.0,0.0,6.0,0.0,313.4975180570628
LA GRAN COLOMBIA-SAN CRISTÓBAL,1,0,0,0,0,1,0,0,613.0,200.0,0.0,1.0,2.0,0.0,3.0,4.0,1.0,0.0,0.0,1.0,0.0,0.0,0.0,1531.071032071816
LA GRANJA NORTE-USAQUÉN,15,3,3,2,2,1,1,3,85.0,72.0,0.0,0.0,0.0,0.0,1.0,0.0,0.0,0.0,0.0,3.0,0.0,1.0,0.0,1376.78963692133
LA GRANJA ORIENTAL-USAQUÉN,2,0,0,0,1,0,0,1,0.0,0.0,0.0,0.0,1.0,0.0,3.0,0.0,0.0,0.0,0.0,0.0,0.0,0.0,0.0,1278.6540144347173
LA GRANJA-ENGATIVÁ,258,26,35,44,48,43,25,37,7394.0,2652.0,82.0,191.0,140.0,0.0,14.0,7.0,1.0,0.0,0.0,14.0,1.0,2.0,0.0,584.2849250158117
LA GUACA IV SECTOR-PUENTE ARANDA,4,0,0,1,0,2,1,0,1499.0,547.0,0.0,0.0,0.0,0.0,0.0,0.0,1.0,0.0,0.0,0.0,0.0,0.0,0.0,887.8615133771983
LA GUACA-PUENTE ARANDA,40,5,10,3,4,7,6,5,2809.0,875.0,1.0,9.0,0.0,0.0,0.0,0.0,0.0,0.0,0.0,0.0,0.0,4.0,0.0,815.0041372995555
LA HORTUA-ANTONIO NARIÑO,48,3,9,8,11,5,5,7,15.0,6.0,0.0,1.0,1.0,0.0,2.0,0.0,0.0,0.0,0.0,0.0,0.0,0.0,0.0,586.0106733397135
LA HUERTA-USME,1,0,0,0,1,0,0,0,317.0,117.0,0.0,1.0,1.0,0.0,0.0,16.0,0.0,0.0,0.0,3.0,0.0,0.0,0.0,1067.6967233111138
LA IGUALDAD-KENNEDY,164,17,27,26,16,18,32,28,8243.0,2692.0,22.0,168.0,39.0,1.0,1.0,0.0,0.0,0.0,0.0,1.0,1.0,1.0,0.0,973.1158759735018
LA INDEPENDENCIA II SECTOR-BOSA,2,0,0,0,0,1,1,0,416.0,100.0,2.0,1.0,3.0,0.0,1.0,0.0,0.0,0.0,0.0,0.0,0.0,0.0,0.0,808.2471524810235
LA INDEPENDENCIA-BOSA,61,7,10,7,8,10,11,8,249.0,74.0,1.0,0.0,0.0,0.0,0.0,10.0,0.0,0.0,0.0,5.0,0.0,1.0,0.0,665.0229478945582
LA ISABELA-SUBA,4,0,0,0,1,1,1,1,501.0,165.0,1.0,11.0,4.0,0.0,0.0,0.0,1.0,0.0,0.0,0.0,0.0,0.0,0.0,1161.4522014486115
LA LIBERIA-USAQUÉN,22,4,1,6,1,3,4,3,3616.0,1332.0,0.0,1.0,20.0,0.0,0.0,0.0,3.0,0.0,0.0,0.0,0.0,0.0,0.0,1204.7934003252105
LA LIBERTAD II-BOSA,2,0,0,0,2,0,0,0,1385.0,369.0,0.0,75.0,8.0,0.0,5.0,1.0,0.0,0.0,0.0,0.0,0.0,0.0,0.0,130.7136576847609
LA LIBERTAD III SECTOR-BOSA,2,0,0,0,0,0,1,1,1292.0,283.0,1.0,11.0,3.0,0.0,0.0,0.0,0.0,0.0,0.0,1.0,0.0,0.0,0.0,305.23991658254437
LA LIBERTAD-BARRIOS UNIDOS,19,2,1,3,2,5,4,2,4813.0,1822.0,20.0,53.0,54.0,0.0,4.0,4.0,0.0,0.0,0.0,2.0,0.0,2.0,0.0,929.959686196861
LA LIBERTAD-BOSA,65,5,12,8,9,11,7,13,1093.0,283.0,4.0,95.0,5.0,0.0,2.0,6.0,1.0,0.0,0.0,0.0,0.0,2.0,0.0,143.65878751919377
LA MACARENA-SANTA FE,127,13,17,13,27,13,15,29,2905.0,1803.0,3.0,28.0,57.0,0.0,5.0,8.0,0.0,0.0,0.0,0.0,0.0,0.0,0.0,564.9221732291712
LA MAGDALENA-KENNEDY,6,0,0,0,1,2,2,1,0.0,0.0,0.0,0.0,0.0,0.0,0.0,2.0,0.0,0.0,0.0,0.0,0.0,0.0,0.0,987.3557529860759
LA MAGDALENA-TEUSAQUILLO,62,4,16,7,8,7,9,11,977.0,535.0,1.0,89.0,90.0,0.0,56.0,1.0,1.0,1.0,1.0,0.0,0.0,2.0,0.0,531.9456227249317
LA MARCELA-ENGATIVÁ,3,0,0,1,1,1,0,0,33.0,11.0,0.0,0.0,0.0,0.0,0.0,0.0,0.0,0.0,0.0,0.0,0.0,0.0,0.0,992.3757401010024
LA MARIA-KENNEDY,2,0,1,0,0,0,1,0,2296.0,736.0,8.0,45.0,27.0,0.0,2.0,0.0,0.0,0.0,0.0,0.0,0.0,1.0,0.0,471.6425972285952
LA MARIA-SAN CRISTÓBAL,12,0,3,0,1,4,1,3,1154.0,349.0,3.0,28.0,14.0,0.0,7.0,8.0,2.0,0.0,0.0,3.0,0.0,2.0,0.0,1112.3283092416377
LA MARQUEZA-RAFAEL URIBE,1,0,0,0,0,0,1,0,958.0,272.0,0.0,5.0,3.0,0.0,0.0,0.0,3.0,0.0,0.0,0.0,0.0,0.0,0.0,348.3806247187859
LA MERCED NORTE-BARRIOS UNIDOS,44,1,9,4,12,6,6,6,1547.0,575.0,57.0,116.0,128.0,0.0,5.0,1.0,0.0,0.0,0.0,0.0,1.0,2.0,0.0,707.3153201859259
LA MERCED SUR-RAFAEL URIBE,6,0,0,0,1,3,0,2,1814.0,628.0,1.0,8.0,3.0,0.0,6.0,8.0,3.0,0.0,0.0,6.0,0.0,1.0,0.0,813.0403663073644
LA MERCED-SANTA FE,59,5,10,10,7,7,11,9,397.0,181.0,1.0,8.0,45.0,0.0,28.0,2.0,0.0,0.0,0.0,1.0,1.0,2.0,0.0,638.0176148708174
LA MORENA I-USME,1,1,0,0,0,0,0,0,273.0,83.0,0.0,0.0,2.0,0.0,0.0,2.0,0.0,0.0,0.0,1.0,0.0,0.0,0.0,277.14395156745337
LA ORQUIDEA III SECTOR-SUBA,1,0,1,0,0,0,0,0,341.0,112.0,0.0,0.0,0.0,0.0,0.0,0.0,0.0,0.0,0.0,0.0,0.0,0.0,0.0,622.9994820603919
LA ORQUIDEA-USME,25,1,4,3,6,3,3,5,1146.0,427.0,1.0,10.0,5.0,0.0,1.0,34.0,1.0,0.0,0.0,5.0,0.0,0.0,0.0,331.11504224977256
LA PALMA II-SUBA,1,0,1,0,0,0,0,0,1002.0,369.0,0.0,0.0,0.0,0.0,0.0,0.0,0.0,0.0,0.0,0.0,0.0,0.0,0.0,1061.9797810758241
LA PAZ (EL CEBADAL)-RAFAEL URIBE,19,4,3,3,2,1,2,4,2604.0,756.0,2.0,13.0,4.0,0.0,3.0,3.0,0.0,0.0,0.0,0.0,0.0,1.0,0.0,575.0582267649074
LA PAZ BOSA-BOSA,112,17,13,18,19,9,19,17,364.0,106.0,1.0,1.0,3.0,0.0,0.0,0.0,0.0,0.0,0.0,0.0,0.0,0.0,0.0,213.1124094248376
LA PAZ II SECTOR-BOSA,1,0,0,1,0,0,0,0,0.0,0.0,0.0,0.0,0.0,0.0,0.0,0.0,0.0,0.0,0.0,0.0,0.0,0.0,0.0,649.1957652249453
LA PAZ-BARRIOS UNIDOS,26,3,5,4,3,4,5,2,3268.0,1281.0,55.0,708.0,449.0,0.0,3.0,0.0,1.0,0.0,0.0,3.0,2.0,2.0,1.0,252.56759064184004
LA PAZ-BOSA,11,1,1,1,2,2,3,1,252.0,56.0,4.0,2.0,5.0,0.0,0.0,0.0,1.0,0.0,0.0,0.0,0.0,0.0,0.0,222.56954039285694
LA PAZ-RAFAEL URIBE,33,3,4,8,4,4,5,5,10133.0,2855.0,1.0,28.0,5.0,0.0,3.0,13.0,2.0,0.0,0.0,5.0,1.0,0.0,0.0,504.9801358817051
LA PENINSULA-SAN CRISTÓBAL,9,0,2,0,2,3,0,2,859.0,286.0,0.0,5.0,1.0,0.0,5.0,0.0,2.0,0.0,0.0,1.0,0.0,1.0,0.0,532.5779726347406
LA PEPITA-LOS MÁRTIRES,65,5,14,5,8,9,11,13,1326.0,453.0,44.0,441.0,62.0,0.0,0.0,3.0,0.0,0.0,0.0,3.0,3.0,0.0,0.0,618.4382887447077
LA PERLA OCCIDENTAL-USAQUÉN,1,1,0,0,0,0,0,0,868.0,283.0,0.0,0.0,0.0,0.0,0.0,0.0,0.0,0.0,0.0,0.0,0.0,0.0,0.0,985.3562951745015
LA PERLA ORIENTAL-USAQUÉN,1,0,0,0,0,1,0,0,799.0,258.0,0.0,12.0,3.0,0.0,4.0,0.0,0.0,0.0,0.0,0.0,0.0,0.0,1.0,108.47600093942404
LA PERLA-CIUDAD BOLÍVAR,1,1,0,0,0,0,0,0,41.0,12.0,0.0,0.0,0.0,0.0,0.0,0.0,0.0,0.0,0.0,0.0,0.0,0.0,0.0,287.21911211755133
LA PERLA-ENGATIVÁ,17,1,3,4,1,2,3,3,2538.0,857.0,13.0,81.0,26.0,0.0,2.0,0.0,1.0,0.0,0.0,0.0,0.0,0.0,0.0,608.6430925858143
LA PERLA-FONTIBÓN,8,1,0,1,0,0,4,2,507.0,191.0,0.0,16.0,11.0,0.0,0.0,0.0,0.0,0.0,0.0,0.0,0.0,0.0,0.0,770.516263003884
LA PERSEVERANCIA-SANTA FE,140,19,25,7,23,18,22,26,4898.0,1680.0,3.0,37.0,20.0,1.0,5.0,17.0,5.0,0.0,0.0,8.0,0.0,1.0,0.0,905.509979821673
LA PEÑA-SANTA FE,8,2,0,0,2,1,0,3,841.0,263.0,0.0,4.0,2.0,0.0,1.0,0.0,1.0,0.0,0.0,0.0,0.0,1.0,0.0,442.45531585454967
LA PICOTA-RAFAEL URIBE,38,3,5,4,7,3,10,6,31.0,16.0,0.0,0.0,0.0,0.0,5.0,0.0,2.0,0.0,0.0,0.0,0.0,0.0,0.0,647.6885054658966
LA PICOTA-USME,2,0,1,0,0,1,0,0,0.0,0.0,0.0,0.0,1.0,0.0,0.0,0.0,0.0,0.0,0.0,0.0,0.0,0.0,0.0,1039.6027914649515
LA PLAYA II-CIUDAD BOLÍVAR,2,0,0,0,1,1,0,0,1507.0,430.0,13.0,1.0,0.0,0.0,0.0,2.0,1.0,0.0,0.0,0.0,0.0,0.0,0.0,902.2181866756349
LA PLAYA-CIUDAD BOLÍVAR,7,2,1,0,2,1,1,0,1926.0,579.0,2.0,3.0,4.0,0.0,0.0,2.0,0.0,0.0,0.0,0.0,0.0,1.0,0.0,820.4709854894643
LA PLAYA-RAFAEL URIBE,1,0,0,0,0,0,1,0,125.0,44.0,1.0,1.0,0.0,0.0,0.0,0.0,0.0,0.0,0.0,0.0,0.0,0.0,0.0,437.23132889837274
LA PLAYA-SUBA,2,0,0,0,1,0,1,0,0.0,0.0,0.0,0.0,0.0,0.0,0.0,0.0,0.0,0.0,0.0,0.0,0.0,0.0,0.0,1493.9639211903523
LA PONDEROSA-PUENTE ARANDA,30,5,3,6,5,4,5,2,3119.0,1007.0,5.0,9.0,30.0,0.0,1.0,1.0,1.0,0.0,0.0,1.0,0.0,2.0,0.0,998.0730467521373
LA PORTADA III SECTOR-BOSA,3,0,1,0,1,0,1,0,1316.0,311.0,3.0,54.0,7.0,0.0,0.0,1.0,0.0,0.0,0.0,0.0,1.0,0.0,0.0,337.84517253658464
LA PORTADA-BOSA,1,0,1,0,0,0,0,0,306.0,71.0,2.0,8.0,1.0,0.0,1.0,1.0,0.0,0.0,0.0,0.0,0.0,1.0,0.0,234.55267103198875
LA PRIMAVERA-BOSA,6,1,1,0,1,1,1,1,7235.0,1757.0,3.0,48.0,21.0,1.0,1.0,4.0,2.0,0.0,0.0,2.0,0.0,0.0,0.0,414.68826401387616
LA PRIMAVERA-CIUDAD BOLÍVAR,16,4,2,1,2,0,4,3,0.0,0.0,0.0,0.0,0.0,0.0,0.0,0.0,0.0,0.0,0.0,0.0,0.0,0.0,0.0,208.21373815601459
LA PROVIDENCIA-RAFAEL URIBE,1,0,0,0,0,0,1,0,18.0,8.0,0.0,0.0,0.0,0.0,0.0,2.0,4.0,0.0,0.0,0.0,0.0,0.0,0.0,683.722861899922
LA RECONQUISTA-RAFAEL URIBE,3,0,0,2,0,1,0,0,1202.0,306.0,1.0,6.0,2.0,0.0,2.0,1.0,0.0,0.0,0.0,0.0,0.0,0.0,0.0,451.713041777134
LA REGADERA SUR-USME,6,1,1,4,0,0,0,0,1296.0,399.0,3.0,5.0,2.0,0.0,0.0,1.0,2.0,0.0,0.0,0.0,0.0,0.0,0.0,452.20343396816355
LA RELIQUIA-ENGATIVÁ,3,0,0,0,1,0,1,1,1857.0,718.0,8.0,37.0,70.0,0.0,1.0,5.0,0.0,0.0,0.0,3.0,0.0,0.0,0.0,613.5127354237759
LA RESURRECCION II-RAFAEL URIBE,44,4,9,4,8,9,6,4,642.0,189.0,0.0,1.0,0.0,0.0,0.0,0.0,0.0,0.0,0.0,1.0,0.0,0.0,0.0,678.3587304402249
LA RIVERA II SECTOR-KENNEDY,1,0,0,0,0,1,0,0,1814.0,562.0,2.0,20.0,2.0,0.0,0.0,0.0,0.0,0.0,0.0,3.0,0.0,0.0,0.0,1442.194381180128
LA RIVERA-KENNEDY,17,2,2,0,2,3,5,3,4369.0,1372.0,16.0,60.0,16.0,0.0,2.0,16.0,3.0,1.0,1.0,5.0,0.0,0.0,0.0,1785.335158076418
LA RIVIERA-BOSA,2,0,0,1,0,1,0,0,47.0,12.0,3.0,3.0,14.0,0.0,0.0,0.0,0.0,0.0,0.0,0.0,0.0,0.0,0.0,506.24649188012273
LA RIVIERA-ENGATIVÁ,60,6,9,11,7,11,9,7,1900.0,641.0,0.0,1.0,23.0,0.0,0.0,0.0,2.0,0.0,1.0,0.0,0.0,0.0,0.0,1004.5664864262762
LA SABANA-LOS MÁRTIRES,133,13,20,15,28,18,19,20,1194.0,444.0,112.0,124.0,20.0,0.0,3.0,1.0,0.0,0.0,0.0,2.0,2.0,3.0,0.0,570.9237861518635
LA SALINA-ENGATIVÁ,6,0,1,0,1,1,2,1,0.0,0.0,0.0,0.0,0.0,0.0,0.0,0.0,0.0,0.0,0.0,0.0,0.0,0.0,0.0,577.5613886548002
LA SALLE-CHAPINERO,33,5,2,4,5,3,7,7,3160.0,2010.0,0.0,14.0,60.0,0.0,3.0,1.0,0.0,0.0,0.0,5.0,0.0,0.0,0.0,337.69702812689195
LA SERENA-ENGATIVÁ,91,6,20,14,10,14,15,12,1939.0,581.0,3.0,7.0,0.0,0.0,1.0,0.0,5.0,0.0,0.0,1.0,0.0,0.0,1.0,237.61576920637933
LA SIERRA-SAN CRISTÓBAL,2,1,0,0,0,0,0,1,730.0,233.0,0.0,1.0,1.0,0.0,0.0,3.0,0.0,0.0,0.0,0.0,0.0,0.0,0.0,379.16233583009375
LA SOLEDAD-TEUSAQUILLO,293,20,53,35,48,49,42,46,6965.0,3441.0,12.0,238.0,295.0,0.0,43.0,3.0,0.0,1.0,2.0,12.0,4.0,4.0,1.0,217.1353823780826
LA SULTANA-SUBA,6,0,2,0,0,2,1,1,1682.0,714.0,0.0,1.0,17.0,0.0,0.0,0.0,15.0,0.0,0.0,0.0,0.0,0.0,0.0,882.8217155202657
LA SUREÑA-CHAPINERO,2,0,0,1,0,0,1,0,2141.0,707.0,2.0,39.0,9.0,0.0,1.0,9.0,0.0,0.0,0.0,10.0,1.0,0.0,0.0,998.1145388783608
LA TORTIGUA-ENGATIVÁ,3,0,1,0,0,0,2,0,1075.0,370.0,4.0,9.0,4.0,0.0,0.0,0.0,0.0,0.0,0.0,0.0,0.0,0.0,0.0,1972.672374386769
LA TOSCANA-SUBA,83,8,11,18,14,12,9,11,3397.0,1056.0,0.0,58.0,29.0,0.0,11.0,1.0,4.0,0.0,0.0,1.0,0.0,4.0,0.0,761.9545663592312
LA TRINIDAD-PUENTE ARANDA,40,2,5,5,8,9,7,4,3885.0,1304.0,136.0,75.0,72.0,0.0,3.0,1.0,2.0,0.0,0.0,4.0,1.0,2.0,0.0,594.6570895248083
LA UNIDAD-KENNEDY,6,1,0,1,1,0,1,2,2901.0,865.0,3.0,40.0,2.0,0.0,4.0,9.0,1.0,0.0,0.0,1.0,1.0,1.0,0.0,850.2995614658256
LA URIBE-USAQUÉN,163,17,19,21,29,27,19,31,2231.0,843.0,23.0,57.0,34.0,0.0,2.0,1.0,0.0,0.0,0.0,3.0,0.0,3.0,1.0,546.6900513410337
LA VEGA-BOSA,1,0,0,0,0,0,1,0,1201.0,363.0,0.0,2.0,0.0,0.0,0.0,2.0,4.0,0.0,0.0,0.0,0.0,0.0,0.0,665.6278460980432
LA VICTORIA NORTE-SUBA,71,9,11,6,10,12,5,18,8089.0,3947.0,0.0,117.0,187.0,0.0,11.0,5.0,2.0,0.0,0.0,2.0,0.0,3.0,0.0,1456.527136887971
LA VICTORIA-SAN CRISTÓBAL,160,15,20,23,27,23,23,29,627.0,165.0,0.0,9.0,33.0,0.0,0.0,0.0,0.0,0.0,0.0,0.0,0.0,0.0,0.0,777.3478040336098
LAGO DE SUBA-SUBA,35,4,3,4,4,7,8,5,11341.0,3753.0,9.0,127.0,42.0,0.0,8.0,4.0,1.0,0.0,0.0,1.0,0.0,4.0,0.0,303.5535914569802
LAGO GAITAN-CHAPINERO,151,14,15,19,27,21,24,31,1747.0,925.0,0.0,113.0,230.0,0.0,20.0,3.0,1.0,0.0,0.0,1.0,1.0,0.0,0.0,585.0022778960057
LAGOS DE CASTILLA-KENNEDY,12,0,2,0,3,5,1,1,1038.0,347.0,10.0,3.0,5.0,0.0,0.0,14.0,0.0,0.0,0.0,2.0,0.0,0.0,0.0,630.2422351933502
LAGOS DE CORDOBA-SUBA,34,6,4,3,4,4,5,8,3635.0,1599.0,0.0,1.0,0.0,0.0,0.0,0.0,0.0,0.0,1.0,0.0,0.0,0.0,0.0,526.0166444740319
LAGUNETA-TUNJUELITO,9,2,0,1,2,2,1,1,2550.0,922.0,7.0,43.0,25.0,0.0,2.0,0.0,4.0,0.0,0.0,0.0,0.0,2.0,0.0,620.8551285351239
LAS ACACIAS-CHAPINERO,7,0,0,1,1,0,3,2,2179.0,1078.0,0.0,1.0,0.0,0.0,1.0,1.0,1.0,0.0,0.0,0.0,0.0,1.0,0.0,664.7698480041894
LAS ACACIAS-KENNEDY,6,3,0,0,0,0,0,3,1300.0,430.0,10.0,13.0,13.0,1.0,1.0,9.0,0.0,0.0,0.0,3.0,0.0,0.0,0.0,2313.3570883639522
LAS ACACIAS-SAN CRISTÓBAL,1,0,0,0,0,0,0,1,67.0,28.0,0.0,0.0,0.0,0.0,0.0,0.0,0.0,0.0,0.0,0.0,0.0,0.0,0.0,693.4970884007622
LAS ACACIAS-USAQUÉN,22,0,0,2,1,5,5,9,5324.0,2614.0,0.0,14.0,93.0,0.0,2.0,0.0,0.0,0.0,0.0,0.0,0.0,1.0,0.0,1463.9380444923904
LAS AGUAS-CANDELARIA,225,12,40,26,35,33,25,54,2347.0,1158.0,1.0,58.0,38.0,0.0,11.0,4.0,5.0,0.0,0.0,2.0,2.0,1.0,0.0,518.587657982133
LAS AGUAS-SANTA FE,374,15,71,44,48,60,43,93,2144.0,1641.0,5.0,57.0,62.0,0.0,12.0,8.0,1.0,0.0,0.0,1.0,0.0,1.0,1.0,154.5657712517413
LAS AMERICAS-KENNEDY,45,2,9,3,10,5,9,7,5445.0,1880.0,11.0,75.0,84.0,0.0,25.0,2.0,4.0,0.0,0.0,8.0,0.0,5.0,0.0,1033.5831522620513
LAS AMERICAS-TEUSAQUILLO,50,3,9,8,9,7,4,10,1760.0,785.0,3.0,75.0,98.0,0.0,30.0,2.0,1.0,0.0,0.0,2.0,0.0,2.0,0.0,601.4194651703073
LAS ARENERAS-USAQUÉN,1,0,0,0,1,0,0,0,880.0,298.0,0.0,17.0,13.0,0.0,2.0,1.0,2.0,0.0,0.0,0.0,0.0,2.0,0.0,669.4157742845772
LAS BRISAS-FONTIBÓN,9,2,2,0,1,0,2,2,362.0,124.0,15.0,8.0,6.0,0.0,1.0,4.0,0.0,0.0,0.0,1.0,0.0,0.0,0.0,1688.2666823810462
LAS BRISAS-KENNEDY,9,0,1,1,3,0,0,4,8515.0,2767.0,38.0,268.0,100.0,0.0,3.0,14.0,1.0,0.0,0.0,2.0,1.0,1.0,0.0,1323.9737938261853
LAS BRISAS-SAN CRISTÓBAL,24,5,2,3,3,3,6,2,1302.0,373.0,2.0,10.0,4.0,0.0,1.0,6.0,0.0,0.0,0.0,4.0,0.0,0.0,0.0,389.22692931971267
LAS BRISAS-SUBA,1,0,0,0,0,0,0,1,39.0,18.0,0.0,5.0,0.0,0.0,5.0,0.0,0.0,0.0,0.0,0.0,0.0,0.0,0.0,935.1672764064672
LAS COLINAS-RAFAEL URIBE,24,3,6,4,3,4,2,2,2735.0,974.0,0.0,16.0,6.0,0.0,3.0,6.0,2.0,0.0,0.0,2.0,0.0,2.0,0.0,418.7875752893054
LAS CRUCES-SANTA FE,207,27,28,34,35,32,33,18,9904.0,3842.0,15.0,193.0,70.0,0.0,9.0,16.0,11.0,0.0,0.0,22.0,0.0,2.0,1.0,224.48415441387345
LAS DELICIAS DEL SUR-CIUDAD BOLÍVAR,15,1,1,0,2,6,2,3,4996.0,1476.0,0.0,3.0,0.0,0.0,3.0,10.0,6.0,0.0,0.0,0.0,0.0,1.0,1.0,28.41905455191094
LAS DELICIAS-KENNEDY,134,14,15,16,28,18,24,19,2703.0,922.0,27.0,21.0,16.0,0.0,3.0,2.0,0.0,0.0,0.0,1.0,1.0,2.0,0.0,327.80917383131106
LAS DELICIAS-USME,3,0,1,2,0,0,0,0,0.0,0.0,0.0,0.0,0.0,0.0,0.0,0.0,0.0,0.0,3.0,0.0,0.0,0.0,0.0,517.7655553849894
LAS FERIAS OCCIDENTAL-ENGATIVÁ,86,8,7,14,7,14,13,23,9487.0,3207.0,75.0,529.0,233.0,0.0,12.0,3.0,3.0,0.0,0.0,6.0,7.0,3.0,1.0,579.6340029431724
LAS FERIAS-ENGATIVÁ,545,63,77,68,66,89,87,95,7634.0,3044.0,199.0,517.0,127.0,2.0,15.0,5.0,3.0,0.0,0.0,8.0,1.0,7.0,0.0,673.4962958029402
LAS FLORES-FONTIBÓN,1,0,1,0,0,0,0,0,1114.0,354.0,30.0,7.0,15.0,0.0,2.0,0.0,0.0,0.0,0.0,0.0,0.0,2.0,0.0,301.78384352325736
LAS FLORES-SUBA,125,6,14,21,20,22,19,23,1002.0,351.0,1.0,17.0,11.0,0.0,0.0,0.0,0.0,0.0,0.0,0.0,0.0,0.0,0.0,895.4112257198897
LAS FLORES-USME,3,0,0,2,1,0,0,0,467.0,143.0,0.0,2.0,1.0,0.0,0.0,0.0,0.0,0.0,0.0,0.0,0.0,0.0,0.0,649.7259916746242
LAS HUERTAS-CIUDAD BOLÍVAR,1,0,0,0,0,1,0,0,2054.0,615.0,1.0,9.0,1.0,0.0,1.0,3.0,0.0,0.0,0.0,1.0,0.0,0.0,0.0,840.1275762014736
LAS LOMAS-RAFAEL URIBE,70,8,9,11,8,10,12,12,4484.0,1318.0,0.0,14.0,1.0,0.0,2.0,2.0,7.0,0.0,0.0,6.0,0.0,1.0,1.0,317.2702066171661
LAS LUCES-KENNEDY,9,1,3,1,1,0,2,1,3284.0,1038.0,11.0,10.0,18.0,0.0,1.0,10.0,2.0,0.0,0.0,3.0,0.0,0.0,0.0,212.54922247021807
LAS MANITAS-CIUDAD BOLÍVAR,9,0,1,2,3,2,1,0,607.0,178.0,0.0,0.0,1.0,0.0,0.0,3.0,2.0,0.0,0.0,0.0,0.0,0.0,0.0,464.68755162911367
LAS MARGARITAS III-BOSA,3,0,0,0,0,1,1,1,3640.0,1080.0,11.0,141.0,47.0,0.0,3.0,11.0,1.0,0.0,0.0,1.0,0.0,1.0,0.0,533.2551128655925
LAS MARGARITAS-BOSA,60,7,10,7,9,7,7,13,766.0,318.0,0.0,31.0,3.0,0.0,0.0,1.0,0.0,0.0,0.0,0.0,0.0,0.0,0.0,513.779568658219
LAS MARGARITAS-KENNEDY,267,17,44,47,57,31,33,38,11755.0,3830.0,0.0,6.0,3.0,0.0,3.0,1.0,0.0,0.0,0.0,0.0,0.0,1.0,0.0,371.3203510545004
LAS MARGARITAS-SUBA,11,1,2,1,3,0,1,3,3526.0,1183.0,0.0,0.0,6.0,0.0,1.0,0.0,4.0,0.0,0.0,0.0,0.0,0.0,0.0,254.01166804975907
LAS MARGARITAS-USAQUÉN,94,9,14,13,16,12,13,17,1352.0,542.0,2.0,74.0,24.0,0.0,0.0,0.0,2.0,0.0,0.0,0.0,0.0,0.0,0.0,1222.7007152926392
LAS MERCEDES-ENGATIVÁ,14,2,3,1,1,0,4,3,3617.0,1162.0,4.0,17.0,27.0,0.0,2.0,2.0,1.0,0.0,0.0,1.0,0.0,1.0,0.0,520.2215229212602
LAS MERCEDES-SAN CRISTÓBAL,21,2,4,3,5,5,1,1,326.0,74.0,0.0,1.0,2.0,0.0,0.0,1.0,0.0,0.0,0.0,0.0,0.0,0.0,0.0,1258.3426743827158
LAS MERCEDES-USME,1,0,0,0,1,0,0,0,543.0,166.0,0.0,2.0,4.0,0.0,0.0,1.0,0.0,0.0,0.0,0.0,0.0,0.0,0.0,136.85928274964877
LAS NIEVES-SANTA FE,907,104,127,90,120,154,132,180,5951.0,3906.0,4.0,606.0,654.0,0.0,57.0,10.0,4.0,0.0,0.0,12.0,3.0,2.0,0.0,388.91590181813723
LAS ORQUIDEAS-USAQUÉN,67,5,8,5,12,14,13,10,6474.0,2328.0,121.0,366.0,269.0,4.0,12.0,23.0,3.0,0.0,0.0,13.0,1.0,2.0,0.0,326.1519326983918
LAS PALMAS NORTE-ENGATIVÁ,1,0,0,0,0,0,1,0,1207.0,349.0,0.0,4.0,0.0,0.0,1.0,2.0,0.0,0.0,0.0,0.0,0.0,0.0,0.0,794.2363005405463
LAS PALMERAS-ENGATIVÁ,2,1,1,0,0,0,0,0,509.0,134.0,0.0,10.0,0.0,0.0,0.0,0.0,0.0,0.0,0.0,0.0,0.0,0.0,0.0,272.9347489896232
LAS PALMERAS-KENNEDY,2,0,1,1,0,0,0,0,1262.0,310.0,0.0,15.0,5.0,0.0,0.0,2.0,0.0,0.0,0.0,0.0,0.0,0.0,0.0,1124.9038910735326
LAS PALMITAS-KENNEDY,9,3,2,2,1,1,0,0,1530.0,418.0,3.0,12.0,0.0,0.0,1.0,4.0,0.0,0.0,0.0,1.0,0.0,0.0,0.0,2060.7631813440817
LAS TORRES-KENNEDY,3,0,1,0,1,0,1,0,1055.0,330.0,11.0,12.0,7.0,0.0,0.0,0.0,1.0,0.0,0.0,0.0,0.0,0.0,0.0,568.1221373094941
LAS VEGAS DE POTOSI-CIUDAD BOLÍVAR,3,0,0,0,2,0,1,0,67.0,21.0,0.0,0.0,0.0,0.0,0.0,1.0,0.0,0.0,0.0,0.0,0.0,0.0,0.0,1042.1423059724837
LAS VEGAS-KENNEDY,5,2,2,0,0,1,0,0,5866.0,1751.0,7.0,28.0,25.0,0.0,0.0,10.0,0.0,0.0,0.0,0.0,0.0,0.0,0.0,954.1428336013876
LAS VILLAS DE MARIANA-SUBA,4,0,1,0,1,1,1,0,804.0,446.0,0.0,0.0,1.0,0.0,0.0,0.0,3.0,0.0,0.0,0.0,0.0,0.0,0.0,1924.3370408462026
LAS VIVIENDAS-USME,2,0,0,1,0,1,0,0,611.0,185.0,0.0,20.0,3.0,0.0,0.0,1.0,0.0,0.0,0.0,0.0,0.0,1.0,0.0,653.9016860759367
LAURELES LA ESTACION-BOSA,46,2,10,12,8,4,6,4,298.0,113.0,0.0,6.0,0.0,0.0,1.0,0.0,0.0,0.0,0.0,0.0,0.0,0.0,0.0,329.85890919775187
LILIANA-USME,2,1,0,0,0,1,0,0,0.0,0.0,0.0,0.0,0.0,0.0,0.0,1.0,0.0,0.0,0.0,0.0,0.0,0.0,0.0,1054.5893764244424
LINTERAMA-ENGATIVÁ,7,1,1,1,2,0,2,0,4206.0,1356.0,11.0,109.0,38.0,0.0,0.0,5.0,1.0,0.0,0.0,1.0,0.0,1.0,0.0,1147.5608064401197
LISBOA-SUBA,151,27,28,16,17,22,21,20,15635.0,5143.0,11.0,224.0,119.0,0.0,5.0,32.0,2.0,0.0,0.0,13.0,2.0,2.0,0.0,1751.2796700268598
LISBOA-USAQUÉN,117,12,27,21,13,17,12,15,8526.0,3727.0,1.0,14.0,63.0,1.0,4.0,1.0,10.0,0.0,0.0,5.0,0.0,0.0,0.0,1003.6293338883089
LLANO GRANDE-KENNEDY,19,4,2,3,2,4,2,2,1482.0,457.0,6.0,32.0,8.0,0.0,4.0,0.0,1.0,0.0,0.0,0.0,0.0,1.0,0.0,677.9967946087581
LOMBARDIA II-SUBA,11,1,4,2,0,1,3,0,1915.0,718.0,0.0,2.0,0.0,0.0,0.0,0.0,1.0,0.0,0.0,0.0,0.0,1.0,0.0,1036.071077647975
LOMBARDIA III-SUBA,2,0,0,0,2,0,0,0,3263.0,1101.0,0.0,8.0,18.0,0.0,0.0,0.0,0.0,0.0,0.0,0.0,1.0,1.0,0.0,1505.142365321819
LOMBARDIA-SUBA,152,21,26,13,20,18,30,24,4919.0,1643.0,13.0,160.0,94.0,0.0,7.0,3.0,3.0,0.0,0.0,0.0,1.0,3.0,0.0,837.8184379865172
LORENZO ALCANTUZ I SECTOR-USME,3,0,1,0,0,0,1,1,1393.0,458.0,2.0,19.0,2.0,0.0,7.0,4.0,3.0,0.0,0.0,0.0,0.0,1.0,0.0,518.1100257119069
LOS ALAMOS-ENGATIVÁ,167,15,24,21,27,32,20,28,15.0,5.0,1.0,0.0,2.0,0.0,0.0,0.0,3.0,0.0,0.0,0.0,0.0,0.0,0.0,1017.5324837942057
LOS ALAMOS-FONTIBÓN,4,1,1,0,0,1,1,0,34.0,11.0,0.0,0.0,7.0,0.0,2.0,10.0,0.0,0.0,0.0,0.0,0.0,0.0,0.0,548.3359387010534
LOS ALCAPARROS DE SUBA-SUBA,10,1,0,1,2,1,2,3,2454.0,885.0,0.0,41.0,0.0,0.0,14.0,0.0,5.0,0.0,0.0,0.0,0.0,2.0,0.0,651.7537265844571
LOS ALCAZARES NORTE-BARRIOS UNIDOS,103,12,18,11,15,18,12,17,734.0,307.0,2.0,39.0,98.0,0.0,0.0,0.0,0.0,0.0,0.0,1.0,0.0,0.0,0.0,390.435039992171
LOS ALCAZARES-BARRIOS UNIDOS,90,6,13,6,17,11,14,23,1851.0,816.0,101.0,284.0,132.0,1.0,1.0,1.0,1.0,0.0,0.0,5.0,1.0,3.0,1.0,287.7686902847739
LOS ALMENDROS II-ENGATIVÁ,1,0,1,0,0,0,0,0,0.0,0.0,0.0,0.0,0.0,0.0,0.0,0.0,0.0,0.0,0.0,0.0,0.0,0.0,0.0,792.3852137650532
LOS ALMENDROS-KENNEDY,27,5,3,5,5,3,2,4,5481.0,1541.0,7.0,30.0,17.0,2.0,3.0,8.0,1.0,0.0,0.0,4.0,0.0,0.0,0.0,1761.2832873171794
LOS ALPES DEL ZIPA-SAN CRISTÓBAL,4,3,0,0,0,0,0,1,2979.0,917.0,0.0,5.0,1.0,1.0,0.0,0.0,2.0,0.0,2.0,0.0,0.0,0.0,0.0,1175.4412956016358
LOS ALPES-CIUDAD BOLÍVAR,26,3,4,5,5,3,1,5,2792.0,944.0,0.0,3.0,9.0,2.0,1.0,46.0,1.0,0.0,0.0,2.0,1.0,1.0,0.0,833.3609998084287
LOS ALPES-SAN CRISTÓBAL,26,3,4,3,4,2,5,5,308.0,65.0,0.0,6.0,0.0,0.0,0.0,3.0,1.0,0.0,0.0,0.0,0.0,0.0,0.0,307.4241646039233
LOS ANDES-BARRIOS UNIDOS,56,3,10,6,12,8,10,7,4985.0,2029.0,5.0,134.0,259.0,0.0,1.0,0.0,2.0,0.0,0.0,15.0,0.0,2.0,0.0,396.5892759256834
LOS ANGELES-ENGATIVÁ,53,4,8,7,4,9,8,13,1695.0,542.0,4.0,14.0,4.0,0.0,0.0,4.0,1.0,0.0,0.0,1.0,1.0,0.0,0.0,751.7241563991536
LOS ANGELES-PUENTE ARANDA,2,0,0,0,0,1,1,0,2222.0,711.0,4.0,7.0,3.0,1.0,0.0,1.0,1.0,0.0,0.0,0.0,0.0,1.0,0.0,332.9888942585777
LOS ARRAYANES DE SUBA-SUBA,4,0,0,0,0,1,0,3,0.0,0.0,0.0,0.0,0.0,0.0,0.0,0.0,0.0,0.0,0.0,0.0,0.0,0.0,0.0,1478.2069773848614
LOS ARRAYANES II-RAFAEL URIBE,1,0,0,0,0,0,0,1,73.0,26.0,0.0,0.0,0.0,0.0,0.0,0.0,0.0,0.0,0.0,0.0,0.0,0.0,0.0,333.0834825269832
LOS ARRAYANES-SUBA,3,2,0,0,0,1,0,0,472.0,110.0,0.0,0.0,0.0,0.0,0.0,1.0,0.0,0.0,0.0,0.0,0.0,0.0,0.0,531.0612604741045
LOS ARRAYANES-USME,1,0,0,0,0,0,1,0,0.0,0.0,0.0,0.0,0.0,0.0,0.0,0.0,0.0,0.0,0.0,0.0,0.0,2.0,0.0,16534.683843608476
LOS ARREBOLES-SUBA,2,1,0,0,0,1,0,0,489.0,204.0,0.0,0.0,0.0,0.0,0.0,3.0,0.0,0.0,0.0,0.0,0.0,0.0,0.0,1521.5125787400225
LOS AZAFRANES-ENGATIVÁ,3,0,0,1,0,2,0,0,1238.0,486.0,0.0,16.0,3.0,0.0,0.0,0.0,2.0,0.0,0.0,0.0,0.0,0.0,0.0,545.780237793157
LOS CAMBULOS-FONTIBÓN,1,0,0,0,1,0,0,0,869.0,286.0,5.0,5.0,5.0,0.0,0.0,0.0,1.0,0.0,0.0,0.0,0.0,0.0,0.0,244.73422978231125
LOS CAOBOS-USAQUÉN,226,16,45,23,36,34,32,40,3164.0,1457.0,3.0,70.0,26.0,0.0,1.0,0.0,0.0,0.0,0.0,0.0,0.0,0.0,0.0,918.4654597871523
LOS CEDRITOS-USAQUÉN,52,2,3,7,7,10,8,15,13280.0,6719.0,3.0,55.0,191.0,4.0,9.0,4.0,5.0,0.0,0.0,12.0,2.0,2.0,0.0,613.9213288956223
LOS CEDROS-USAQUÉN,114,5,19,12,21,16,19,22,3477.0,1680.0,2.0,31.0,87.0,0.0,2.0,0.0,4.0,0.0,0.0,1.0,0.0,1.0,1.0,252.6465554421834
LOS CEREZOS SAN JOAQUIN-SUBA,1,0,0,0,0,0,0,1,81.0,35.0,0.0,0.0,5.0,0.0,0.0,0.0,0.0,0.0,0.0,0.0,0.0,0.0,0.0,184.84226057081534
LOS CEREZOS-ENGATIVÁ,92,8,12,13,10,16,15,18,7587.0,2410.0,5.0,36.0,20.0,0.0,6.0,2.0,0.0,0.0,0.0,3.0,0.0,3.0,0.0,297.9135875591348
LOS CERROS-CHAPINERO,3,0,1,1,1,0,0,0,0.0,0.0,0.0,0.0,0.0,0.0,0.0,0.0,0.0,0.0,0.0,0.0,0.0,0.0,0.0,293.50816858368563
LOS CHIRCALES-RAFAEL URIBE,4,1,1,0,0,0,0,2,1946.0,439.0,1.0,3.0,5.0,0.0,0.0,0.0,1.0,0.0,0.0,0.0,0.0,2.0,0.0,763.880133667022
LOS EJIDOS-PUENTE ARANDA,44,5,5,6,9,9,7,3,597.0,290.0,204.0,308.0,57.0,4.0,3.0,5.0,2.0,0.0,0.0,0.0,0.0,0.0,0.0,553.5738825136523
LOS LACHES-SANTA FE,47,1,7,8,7,8,10,6,4299.0,1113.0,0.0,45.0,13.0,0.0,6.0,5.0,14.0,0.0,0.0,4.0,0.0,2.0,1.0,194.6296901392868
LOS LAURELES SABANAS DEL DORADO-ENGATIVÁ,7,0,2,2,2,0,0,1,7789.0,2499.0,7.0,84.0,61.0,0.0,0.0,2.0,1.0,1.0,0.0,3.0,0.0,2.0,0.0,1422.9832700990014
LOS LAURELES-BOSA,49,3,9,11,7,5,8,6,14787.0,5531.0,2.0,19.0,13.0,3.0,1.0,4.0,1.0,0.0,0.0,5.0,0.0,2.0,0.0,536.085721718413
LOS LAURELES-ENGATIVÁ,8,0,2,0,0,0,4,2,1279.0,389.0,27.0,9.0,11.0,0.0,0.0,1.0,0.0,0.0,0.0,2.0,0.0,0.0,0.0,1154.2584640820312
LOS LIBERTADORES SECTOR EL TESORO-SAN CRISTÓBAL,1,0,0,0,1,0,0,0,422.0,138.0,1.0,2.0,0.0,0.0,0.0,0.0,0.0,0.0,0.0,0.0,0.0,0.0,0.0,469.42895883173037
LOS LIBERTADORES SECTOR SAN ISIDRO-SAN CRISTÓBAL,1,1,0,0,0,0,0,0,510.0,158.0,0.0,21.0,4.0,0.0,1.0,1.0,0.0,0.0,0.0,1.0,0.0,0.0,0.0,163.21774842642108
LOS LIBERTADORES SECTOR SAN LUIS-SAN CRISTÓBAL,1,1,0,0,0,0,0,0,233.0,72.0,0.0,2.0,0.0,0.0,0.0,3.0,0.0,0.0,0.0,0.0,0.0,0.0,0.0,324.7409545623604
LOS LIBERTADORES-SAN CRISTÓBAL,30,5,5,3,6,4,2,5,5092.0,1524.0,4.0,68.0,12.0,0.0,3.0,12.0,1.0,0.0,1.0,4.0,0.0,3.0,1.0,434.2242126852668
LOS MOLINOS I SECTOR-RAFAEL URIBE,41,2,9,4,5,9,6,6,7121.0,1855.0,4.0,138.0,39.0,0.0,15.0,1.0,2.0,0.0,1.0,10.0,0.0,4.0,0.0,950.8145540009021
LOS MOLINOS II SECTOR-RAFAEL URIBE,29,9,4,4,4,3,4,1,4208.0,1437.0,0.0,8.0,1.0,0.0,0.0,0.0,5.0,0.0,0.0,0.0,0.0,0.0,0.0,665.4394389609519
LOS MONARCAS-SUBA,1,0,0,0,0,0,0,1,279.0,85.0,0.0,0.0,0.0,0.0,0.0,0.0,0.0,0.0,0.0,1.0,0.0,0.0,0.0,1395.536544642385
LOS MONJES-ENGATIVÁ,114,8,24,10,17,18,18,19,5478.0,2242.0,4.0,52.0,33.0,0.0,1.0,1.0,3.0,0.0,0.0,2.0,0.0,0.0,0.0,745.133423409879
LOS NARANJOS-SUBA,26,5,1,4,6,4,3,3,736.0,214.0,3.0,24.0,2.0,0.0,1.0,4.0,0.0,0.0,0.0,0.0,0.0,1.0,0.0,357.37676171478824
LOS NARANJOS-USAQUÉN,3,1,1,0,0,0,1,0,0.0,0.0,0.0,0.0,0.0,0.0,0.0,0.0,0.0,0.0,0.0,0.0,0.0,0.0,0.0,901.7512593302107
LOS OLIVOS-CHAPINERO,1,0,0,0,0,0,1,0,291.0,77.0,0.0,0.0,2.0,0.0,1.0,3.0,1.0,0.0,0.0,0.0,0.0,0.0,0.0,357.8954467469876
LOS OLIVOS-USAQUÉN,2,1,0,0,0,0,0,1,0.0,0.0,0.0,0.0,0.0,0.0,0.0,0.0,0.0,0.0,0.0,0.0,0.0,0.0,0.0,483.1465185442451
LOS PIJAOS-RAFAEL URIBE,31,1,6,4,4,6,5,5,2710.0,707.0,0.0,17.0,0.0,1.0,2.0,0.0,3.0,0.0,0.0,1.0,0.0,0.0,0.0,248.6338118153885
LOS PINARES-SUBA,7,1,0,2,1,1,2,0,0.0,0.0,0.0,0.0,0.0,0.0,0.0,0.0,0.0,0.0,0.0,0.0,0.0,0.0,0.0,1989.9330941051935
LOS PINOS DE MARSELLA-KENNEDY,11,2,4,2,0,2,1,0,3654.0,1270.0,2.0,32.0,35.0,0.0,1.0,3.0,0.0,0.0,0.0,3.0,0.0,1.0,1.0,223.1040942660598
LOS PINOS FLORENCIA-ENGATIVÁ,19,2,3,8,3,2,1,0,2574.0,1013.0,10.0,18.0,16.0,0.0,3.0,1.0,3.0,0.0,0.0,2.0,0.0,0.0,0.0,778.4906908313936
LOS PINOS-SAN CRISTÓBAL,4,2,1,0,0,0,0,1,853.0,280.0,1.0,2.0,5.0,0.0,0.0,16.0,0.0,1.0,0.0,0.0,0.0,0.0,0.0,980.7631740287102
LOS PINOS-SUBA,6,1,1,1,1,1,0,1,0.0,0.0,0.0,0.0,0.0,0.0,0.0,0.0,0.0,0.0,0.0,0.0,0.0,0.0,0.0,1589.0076628422844
LOS PORTALES DEL NORTE III-SUBA,12,0,2,3,1,4,0,2,1034.0,353.0,0.0,1.0,2.0,0.0,0.0,0.0,1.0,0.0,0.0,0.0,0.0,0.0,0.0,741.892564470872
LOS PUENTES-SAN CRISTÓBAL,1,0,1,0,0,0,0,0,676.0,153.0,0.0,0.0,1.0,0.0,0.0,0.0,1.0,0.0,0.0,1.0,0.0,0.0,0.0,255.93389258164189
LOS ROBLES-SUBA,2,0,0,0,1,1,0,0,748.0,233.0,0.0,0.0,0.0,0.0,0.0,0.0,0.0,0.0,0.0,0.0,0.0,0.0,0.0,588.1521882871036
LOS ROSALES-CHAPINERO,176,13,35,20,21,28,24,35,5079.0,2556.0,0.0,25.0,14.0,0.0,5.0,3.0,3.0,0.0,1.0,3.0,0.0,0.0,1.0,314.75977735265064
LOS SAUCES-BOSA,19,2,1,3,5,2,6,0,184.0,72.0,0.0,3.0,0.0,0.0,0.0,0.0,0.0,0.0,0.0,0.0,0.0,0.0,0.0,788.6849371785008
LOS SOCHES-USME,2,0,0,0,0,1,0,1,29.0,13.0,0.0,0.0,0.0,0.0,0.0,0.0,0.0,0.0,0.0,0.0,0.0,0.0,0.0,1796.3610302606257
LOS TRES REYES II SECTOR-CIUDAD BOLÍVAR,6,0,1,1,0,1,2,1,3014.0,948.0,6.0,22.0,9.0,1.0,0.0,5.0,3.0,0.0,0.0,2.0,0.0,1.0,0.0,793.6081581299682
LOURDES II-SANTA FE,1,0,0,0,0,1,0,0,154.0,39.0,0.0,3.0,0.0,0.0,0.0,0.0,0.0,0.0,0.0,0.0,0.0,0.0,0.0,308.7548429445215
LOURDES-CANDELARIA,1,0,1,0,0,0,0,0,257.0,58.0,0.0,7.0,1.0,0.0,0.0,0.0,0.0,0.0,0.0,0.0,0.0,0.0,0.0,292.6600409074304
LOURDES-SANTA FE,18,1,2,2,3,2,2,6,3200.0,690.0,0.0,20.0,7.0,0.0,4.0,2.0,5.0,0.0,0.0,1.0,0.0,1.0,0.0,316.09744602436626
LUCERNA-KENNEDY,15,0,1,1,5,3,2,3,2728.0,895.0,3.0,11.0,6.0,0.0,3.0,2.0,1.0,0.0,0.0,4.0,0.0,3.0,0.0,739.9783605782596
LUCERO BAJO-CIUDAD BOLÍVAR,153,21,21,20,29,16,23,23,266.0,82.0,0.0,1.0,0.0,1.0,1.0,0.0,1.0,0.0,0.0,0.0,0.0,0.0,0.0,568.6057028333142
LUCERO MEDIO-CIUDAD BOLÍVAR,29,2,3,5,11,1,4,3,4819.0,1494.0,1.0,2.0,0.0,0.0,0.0,0.0,1.0,0.0,0.0,0.0,0.0,3.0,0.0,349.68095539251874
LUCERO SUR BAJO-CIUDAD BOLÍVAR,38,5,6,7,4,7,4,5,243.0,41.0,0.0,0.0,0.0,0.0,0.0,0.0,0.0,0.0,0.0,0.0,0.0,0.0,0.0,493.86009551443556
LUIS CARLOS GALAN-ENGATIVÁ,86,13,8,13,14,4,18,16,8275.0,2366.0,29.0,49.0,35.0,0.0,12.0,3.0,1.0,0.0,0.0,7.0,0.0,0.0,0.0,545.3397080141026
LUNA PARK-ANTONIO NARIÑO,21,4,2,0,6,2,3,4,1029.0,369.0,0.0,3.0,0.0,0.0,3.0,0.0,1.0,0.0,0.0,0.0,0.0,0.0,0.0,204.26753460029153
LUSITANIA-KENNEDY,29,2,5,3,7,2,3,7,97.0,42.0,15.0,16.0,13.0,0.0,6.0,2.0,1.0,0.0,0.0,0.0,0.0,1.0,0.0,801.8703507327981
MALIBU-SUBA,10,2,1,1,1,2,3,0,1770.0,710.0,10.0,13.0,2.0,0.0,1.0,1.0,0.0,0.0,0.0,1.0,0.0,0.0,0.0,592.9806239513306
MALLORCA-FONTIBÓN,17,1,1,3,3,1,3,5,2393.0,889.0,0.0,0.0,24.0,0.0,0.0,1.0,5.0,0.0,0.0,0.0,0.0,0.0,0.0,632.5856400317513
MALVINAS-SAN CRISTÓBAL,1,0,1,0,0,0,0,0,374.0,113.0,0.0,0.0,1.0,0.0,0.0,6.0,0.0,0.0,0.0,0.0,0.0,0.0,0.0,756.0950307838057
MANAGUA-SAN CRISTÓBAL,3,2,0,0,0,1,0,0,3450.0,1099.0,4.0,60.0,13.0,0.0,3.0,0.0,3.0,0.0,0.0,0.0,0.0,0.0,0.0,291.18246593953046
MANUELA BELTRAN-CIUDAD BOLÍVAR,12,0,1,1,3,1,3,3,3500.0,1113.0,0.0,15.0,6.0,0.0,2.0,2.0,2.0,0.0,0.0,2.0,0.0,1.0,0.0,544.5759471199931
MANZANARES-BOSA,6,3,1,1,0,1,0,0,4456.0,1458.0,1.0,42.0,0.0,0.0,2.0,3.0,2.0,0.0,1.0,3.0,0.0,0.0,0.0,595.4449813324744
MARANDU-CIUDAD BOLÍVAR,3,0,0,0,0,1,2,0,1655.0,517.0,0.0,0.0,0.0,0.0,0.0,15.0,0.0,0.0,0.0,0.0,0.0,1.0,0.0,456.7840299047287
MARANDU-ENGATIVÁ,64,8,10,9,8,9,15,5,5855.0,1893.0,13.0,74.0,19.0,0.0,5.0,7.0,0.0,0.0,0.0,0.0,0.0,3.0,0.0,542.495598308255
MARCO FIDEL SUAREZ II SECTOR-RAFAEL URIBE,10,0,1,1,1,2,3,2,414.0,118.0,0.0,0.0,1.0,0.0,0.0,0.0,0.0,0.0,0.0,0.0,0.0,0.0,0.0,375.1812370735825
MARCO FIDEL SUAREZ-RAFAEL URIBE,116,9,13,23,16,22,17,16,7281.0,2546.0,7.0,163.0,51.0,1.0,5.0,0.0,2.0,0.0,0.0,4.0,0.0,6.0,1.0,136.93081374978672
MARIA CANO-CIUDAD BOLÍVAR,20,6,1,5,2,3,2,1,2826.0,894.0,1.0,6.0,3.0,0.0,1.0,0.0,5.0,0.0,0.0,0.0,0.0,0.0,0.0,865.1379558325461
MARIA CRISTINA-CHAPINERO,21,3,2,1,5,2,3,5,3773.0,2368.0,0.0,34.0,35.0,0.0,6.0,1.0,0.0,0.0,0.0,3.0,0.0,1.0,1.0,112.60852412703522
MARIA PAZ-KENNEDY,209,24,51,23,24,27,35,25,12361.0,4145.0,125.0,386.0,181.0,0.0,5.0,7.0,2.0,0.0,4.0,3.0,0.0,1.0,0.0,488.48297227774714
MARISCAL SUCRE-CHAPINERO,25,2,3,3,4,5,3,5,2023.0,621.0,1.0,12.0,1.0,0.0,2.0,2.0,1.0,0.0,0.0,0.0,0.0,1.0,0.0,1459.6458532800111
MARLY-CHAPINERO,600,56,99,63,95,104,81,102,5335.0,3315.0,5.0,194.0,167.0,0.0,31.0,2.0,0.0,0.0,1.0,10.0,1.0,0.0,0.0,1171.545320004746
MARRUECOS II SECTOR-RAFAEL URIBE,7,2,0,1,1,1,1,1,4847.0,1640.0,2.0,10.0,2.0,0.0,5.0,3.0,4.0,0.0,6.0,8.0,0.0,3.0,0.0,616.6781186839864
MARRUECOS-RAFAEL URIBE,61,8,9,12,10,8,8,6,2494.0,708.0,1.0,4.0,1.0,0.0,0.0,1.0,3.0,0.0,0.0,2.0,0.0,0.0,0.0,549.1953888788613
MARSELLA-KENNEDY,336,33,55,53,44,41,51,59,4268.0,1475.0,12.0,69.0,114.0,2.0,7.0,7.0,2.0,0.0,0.0,2.0,0.0,3.0,0.0,413.5384866886602
MARTINICA-BOSA,2,0,0,0,0,0,1,1,1769.0,640.0,0.0,8.0,1.0,0.0,0.0,0.0,0.0,0.0,0.0,0.0,0.0,0.0,0.0,597.6489527146246
MEDELLIN-USAQUÉN,3,0,1,1,0,0,0,1,449.0,144.0,2.0,7.0,1.0,0.0,0.0,0.0,0.0,0.0,0.0,0.0,0.0,0.0,0.0,672.7501515733791
MEISSEN-CIUDAD BOLÍVAR,183,12,26,35,18,27,33,32,0.0,0.0,0.0,0.0,0.0,0.0,0.0,0.0,0.0,0.0,0.0,0.0,0.0,0.0,0.0,955.8373691373588
MEISSEN-TUNJUELITO,16,3,2,1,3,2,4,1,0.0,0.0,0.0,0.0,0.0,0.0,0.0,1.0,2.0,0.0,0.0,0.0,0.0,0.0,0.0,1003.2755084102249
METROPOLIS-BARRIOS UNIDOS,71,6,9,8,15,11,12,10,3488.0,1372.0,0.0,6.0,0.0,0.0,0.0,0.0,4.0,0.0,0.0,0.0,0.0,0.0,0.0,1060.916698869765
METROPOLIS-ENGATIVÁ,103,12,16,9,16,18,11,21,2625.0,1124.0,0.0,0.0,0.0,0.0,0.0,0.0,0.0,0.0,0.0,0.0,0.0,0.0,0.0,835.3957779890452
MEXICO-CIUDAD BOLÍVAR,42,7,5,6,4,3,5,12,3976.0,1294.0,0.0,3.0,2.0,0.0,2.0,0.0,1.0,0.0,0.0,0.0,0.0,2.0,0.0,508.1803519535448
MIAMI-BOSA,1,0,0,0,0,0,0,1,671.0,251.0,1.0,11.0,4.0,0.0,0.0,0.0,1.0,0.0,0.0,0.0,0.0,1.0,0.0,653.8194584634169
MILENTA II SECTOR-KENNEDY,10,0,4,0,0,2,2,2,1006.0,380.0,0.0,0.0,0.0,0.0,0.0,1.0,0.0,0.0,0.0,0.0,0.0,0.0,0.0,199.5212464113307
MILENTA-PUENTE ARANDA,37,6,5,2,1,12,6,5,4636.0,1504.0,17.0,174.0,22.0,0.0,6.0,0.0,1.0,0.0,0.0,6.0,0.0,2.0,0.0,558.176499351509
MILLAN LOS SAUCES-CIUDAD BOLÍVAR,7,1,2,1,0,0,2,1,3359.0,900.0,0.0,3.0,7.0,0.0,1.0,14.0,1.0,0.0,0.0,0.0,0.0,0.0,0.0,294.32714029534753
MIRADOR DE LA ESTANCIA-CIUDAD BOLÍVAR,3,1,1,0,0,0,1,0,2414.0,676.0,0.0,10.0,5.0,0.0,2.0,14.0,8.0,0.0,0.0,8.0,0.0,0.0,0.0,1038.5350223728406
MIRADOR DE LA PRIMAVERA-CIUDAD BOLÍVAR,1,0,0,0,0,0,1,0,1188.0,390.0,9.0,4.0,4.0,0.0,0.0,1.0,0.0,0.0,2.0,0.0,0.0,0.0,0.0,366.06965121213614
MIRADOR DE SAN MARCOS-CIUDAD BOLÍVAR,2,0,0,0,1,0,0,1,383.0,118.0,0.0,0.0,0.0,0.0,0.0,1.0,2.0,0.0,0.0,0.0,0.0,0.0,0.0,263.6093507498726
MIRADOR DEL NORTE-USAQUÉN,3,0,0,1,1,0,0,1,3829.0,1073.0,3.0,25.0,5.0,0.0,1.0,3.0,0.0,0.0,0.0,0.0,0.0,0.0,0.0,299.12000731394835
MIRAFLORES-SAN CRISTÓBAL,2,0,0,1,0,0,0,1,681.0,170.0,0.0,2.0,2.0,0.0,1.0,19.0,2.0,0.0,0.0,0.0,0.0,1.0,0.0,184.29096514330283
MIRAFLORES-SUBA,4,1,1,0,0,0,1,1,468.0,163.0,1.0,5.0,0.0,0.0,1.0,0.0,0.0,0.0,0.0,0.0,0.0,0.0,0.0,1135.0735873831102
MIRAMAR-SUBA,7,1,0,0,1,2,1,2,4592.0,1463.0,10.0,37.0,50.0,0.0,0.0,5.0,0.0,0.0,0.0,2.0,0.0,0.0,0.0,1128.1317499427
MIRANDELA-SUBA,281,28,37,39,47,41,43,46,4549.0,1998.0,0.0,1.0,0.0,0.0,1.0,0.0,1.0,0.0,0.0,0.0,0.0,1.0,0.0,736.0700126764876
MIRAVALLE-USME,18,3,0,6,1,4,1,3,3965.0,1139.0,1.0,10.0,11.0,0.0,1.0,2.0,4.0,0.0,0.0,0.0,0.0,0.0,0.0,824.2893852078466
MODELIA-FONTIBÓN,666,69,94,71,94,89,122,127,4872.0,1936.0,1.0,142.0,149.0,0.0,13.0,6.0,10.0,0.0,0.0,7.0,0.0,6.0,1.0,314.88483788718156
MODELO SUR-SAN CRISTÓBAL,45,5,10,5,8,5,8,4,2772.0,914.0,21.0,27.0,22.0,0.0,14.0,2.0,0.0,0.0,0.0,4.0,2.0,1.0,0.0,140.0620215874909
MOLINOS DEL SUR-RAFAEL URIBE,274,24,41,40,45,48,39,37,125.0,40.0,0.0,1.0,0.0,0.0,0.0,4.0,0.0,0.0,0.0,0.0,0.0,1.0,0.0,529.6536655556596
MONACO-SUBA,60,7,4,6,10,8,10,15,0.0,0.0,0.0,0.0,0.0,0.0,0.0,0.0,0.0,0.0,1.0,0.0,0.0,0.0,0.0,333.7918563256648
MONTEARROYO-USAQUÉN,3,0,0,0,1,2,0,0,1002.0,358.0,0.0,0.0,0.0,2.0,0.0,0.0,0.0,0.0,0.0,0.0,0.0,0.0,0.0,958.947537262027
MONTEBLANCO-USME,63,9,8,7,4,12,11,12,7758.0,2326.0,7.0,80.0,11.0,0.0,4.0,25.0,0.0,0.0,0.0,17.0,2.0,2.0,0.0,1043.7342478911164
MONTECARLO-SAN CRISTÓBAL,4,1,1,0,0,0,1,1,1098.0,379.0,1.0,15.0,1.0,0.0,3.0,4.0,3.0,0.0,0.0,1.0,0.0,0.0,0.0,1283.1128803315282
MONTERREY-CIUDAD BOLÍVAR,1,0,0,1,0,0,0,0,1455.0,538.0,1.0,0.0,0.0,0.0,0.0,19.0,1.0,0.0,0.0,6.0,0.0,0.0,0.0,1085.8404076285533
MONTERREY-KENNEDY,1,0,0,0,1,0,0,0,1919.0,678.0,19.0,15.0,42.0,0.0,1.0,1.0,1.0,0.0,0.0,2.0,0.0,0.0,0.0,654.716626824284
MONTEVIDEO-FONTIBÓN,98,5,16,17,16,19,9,16,105.0,43.0,82.0,53.0,51.0,0.0,6.0,2.0,0.0,0.0,0.0,8.0,1.0,0.0,1.0,399.16472585071125
MONTEVIDEO-USME,21,0,3,6,2,5,2,3,605.0,176.0,1.0,5.0,0.0,0.0,0.0,2.0,0.0,0.0,0.0,1.0,0.0,0.0,0.0,1156.3201295873835
MORALBA-SAN CRISTÓBAL,24,5,3,2,2,4,3,5,0.0,0.0,0.0,0.0,0.0,0.0,0.0,0.0,0.0,0.0,0.0,0.0,0.0,0.0,0.0,1431.4844207552019
MORAVIA-FONTIBÓN,13,2,2,0,3,1,1,4,58.0,20.0,5.0,0.0,0.0,0.0,0.0,0.0,0.0,0.0,0.0,0.0,0.0,0.0,0.0,348.7396752191143
MUEQUETA-BARRIOS UNIDOS,35,6,6,5,6,2,6,4,1604.0,782.0,4.0,153.0,75.0,0.0,0.0,0.0,0.0,0.0,0.0,1.0,1.0,0.0,0.0,604.9629862605243
MULTIFAMILIARES CARIMAGUA-KENNEDY,4,1,1,1,1,0,0,0,3393.0,1194.0,0.0,5.0,0.0,0.0,2.0,0.0,0.0,0.0,0.0,0.0,0.0,0.0,0.0,917.0790352531272
MULTIFAMILIARES LA PAZ-KENNEDY,1,0,0,0,1,0,0,0,3525.0,1275.0,0.0,3.0,3.0,3.0,0.0,6.0,0.0,0.0,0.0,0.0,0.0,0.0,0.0,283.3839754311655
MURILLO TORO-RAFAEL URIBE,54,5,6,7,13,3,9,11,6332.0,2156.0,51.0,98.0,21.0,0.0,8.0,2.0,3.0,0.0,0.0,5.0,0.0,3.0,0.0,808.0658795915721
MUZU-TUNJUELITO,25,2,6,3,5,2,2,5,151.0,57.0,0.0,10.0,0.0,0.0,0.0,0.0,0.0,0.0,0.0,0.0,0.0,1.0,0.0,557.3243064390384
NACIONES UNIDAS-CIUDAD BOLÍVAR,12,1,1,2,1,2,4,1,127.0,44.0,0.0,0.0,0.0,0.0,0.0,0.0,1.0,0.0,0.0,0.0,0.0,0.0,0.0,559.657001050572
NARIÑO SUR-SAN CRISTÓBAL,74,11,7,5,6,10,17,18,3744.0,1360.0,15.0,41.0,21.0,0.0,5.0,4.0,5.0,0.0,0.0,2.0,0.0,2.0,0.0,388.3143774253049
NICOLAS DE FEDERMAN-TEUSAQUILLO,169,28,25,18,23,24,27,24,8825.0,3983.0,3.0,32.0,68.0,0.0,17.0,4.0,11.0,0.0,0.0,5.0,4.0,5.0,1.0,291.1973899576275
NICOLAS ESCOBAR-BOSA,1,0,0,1,0,0,0,0,1004.0,304.0,2.0,26.0,26.0,0.0,0.0,0.0,0.0,0.0,0.0,0.0,0.0,0.0,0.0,235.1895889264435
NIZA NORTE-SUBA,141,10,24,19,19,22,16,31,384.0,154.0,0.0,15.0,15.0,0.0,8.0,1.0,2.0,0.0,0.0,1.0,0.0,2.0,0.0,1170.798920861765
NIZA SUBA-SUBA,116,7,25,11,18,17,11,27,1785.0,695.0,1.0,0.0,5.0,0.0,3.0,3.0,3.0,0.0,0.0,1.0,0.0,2.0,0.0,1222.4857460373878
NORMANDIA IV SECTOR-ENGATIVÁ,5,1,1,1,0,1,1,0,2595.0,949.0,3.0,32.0,104.0,0.0,0.0,0.0,1.0,0.0,0.0,2.0,0.0,1.0,0.0,378.5394294778811
NORMANDIA OCCIDENTAL-ENGATIVÁ,61,5,12,5,11,7,9,12,4834.0,1818.0,9.0,66.0,214.0,0.0,4.0,1.0,6.0,0.0,0.0,6.0,0.0,3.0,1.0,359.81134954884436
NORMANDIA-ENGATIVÁ,442,43,70,58,67,73,62,69,5640.0,2318.0,12.0,123.0,379.0,0.0,16.0,0.0,5.0,0.0,0.0,9.0,0.0,4.0,0.0,282.64031286210223
NUEVA COLOMBIA-CIUDAD BOLÍVAR,5,0,2,0,1,1,1,0,2080.0,651.0,0.0,1.0,0.0,0.0,0.0,21.0,0.0,0.0,0.0,0.0,0.0,0.0,0.0,226.62684196464846
NUEVA DELLY-SAN CRISTÓBAL,28,4,1,6,4,1,6,6,3363.0,976.0,0.0,6.0,7.0,0.0,2.0,11.0,7.0,0.0,0.0,3.0,0.0,1.0,0.0,399.7265195325808
NUEVA ESCOCIA-BOSA,3,1,1,0,1,0,0,0,1652.0,451.0,0.0,10.0,6.0,0.0,0.0,2.0,0.0,0.0,0.0,1.0,0.0,0.0,0.0,846.9739885350674
NUEVA ESCOCIA-SUBA,1,0,0,0,0,1,0,0,0.0,0.0,0.0,0.0,0.0,0.0,0.0,0.0,0.0,0.0,0.0,0.0,0.0,0.0,0.0,706.1525167345059
NUEVA GRANADA II SECTOR-BOSA,3,0,1,0,2,0,0,0,594.0,139.0,1.0,23.0,1.0,0.0,0.0,2.0,0.0,0.0,0.0,0.0,0.0,0.0,0.0,338.0981090080602
NUEVA GRANADA-BOSA,37,3,5,5,7,4,6,7,4432.0,1547.0,2.0,42.0,10.0,0.0,3.0,0.0,0.0,0.0,0.0,2.0,0.0,2.0,0.0,304.36346005868484
NUEVA GRANADA-CHAPINERO,13,2,4,3,0,0,0,4,456.0,228.0,0.0,6.0,2.0,0.0,0.0,1.0,0.0,0.0,0.0,0.0,0.0,0.0,0.0,282.85529314600154
NUEVA MARSELLA I SECTOR-KENNEDY,66,6,5,9,8,14,7,17,1083.0,367.0,1.0,22.0,27.0,0.0,0.0,0.0,1.0,0.0,0.0,1.0,0.0,2.0,0.0,797.8350676274363
NUEVA MARSELLA II SECTOR-KENNEDY,17,0,1,4,1,3,3,5,1767.0,618.0,2.0,9.0,20.0,0.0,3.0,1.0,0.0,0.0,0.0,0.0,0.0,0.0,0.0,804.3382913689834
NUEVA MARSELLA III SECTOR-KENNEDY,21,2,3,3,4,4,4,1,845.0,294.0,23.0,1.0,11.0,0.0,0.0,1.0,0.0,0.0,0.0,2.0,0.0,0.0,0.0,894.5675434536707
NUEVA TIBABUYES-SUBA,99,10,17,14,12,15,19,12,15073.0,5318.0,0.0,39.0,15.0,0.0,8.0,0.0,14.0,0.0,0.0,0.0,0.0,1.0,0.0,1113.0904529543664
NUEVA USME-USME,66,9,9,5,9,18,10,6,19.0,7.0,0.0,0.0,0.0,0.0,0.0,1.0,0.0,0.0,0.0,0.0,0.0,0.0,0.0,1414.5448302377445
NUEVA VILLEMAR-FONTIBÓN,6,0,2,0,0,3,0,1,407.0,156.0,0.0,7.0,3.0,0.0,0.0,0.0,0.0,0.0,0.0,0.0,0.0,0.0,0.0,188.3030971195916
NUEVA YORK-KENNEDY,32,4,8,5,6,3,2,4,1426.0,423.0,21.0,45.0,6.0,0.0,2.0,0.0,0.0,0.0,0.0,1.0,0.0,0.0,0.0,811.9064465891411
NUEVO CHILE-BOSA,11,0,1,1,1,3,1,4,4043.0,975.0,0.0,39.0,0.0,0.0,2.0,3.0,2.0,0.0,0.0,0.0,0.0,1.0,0.0,503.6779867246145
NUEVO CORINTO-SUBA,17,2,3,1,3,0,3,5,9178.0,2814.0,2.0,24.0,17.0,0.0,8.0,13.0,6.0,0.0,0.0,6.0,0.0,1.0,0.0,800.9745120900405
NUEVO HORIZONTE-USAQUÉN,4,0,0,1,1,2,0,0,363.0,110.0,0.0,10.0,1.0,0.0,0.0,1.0,0.0,0.0,0.0,0.0,0.0,0.0,0.0,212.92016167472357
NUEVO KENNEDY-KENNEDY,30,5,6,1,2,6,3,7,877.0,299.0,4.0,42.0,12.0,0.0,1.0,0.0,0.0,0.0,0.0,1.0,0.0,0.0,0.0,792.88405894454
NUEVO MONTERREY-SUBA,2,0,0,0,0,1,1,0,586.0,225.0,1.0,6.0,9.0,0.0,0.0,2.0,1.0,0.0,0.0,0.0,0.0,0.0,0.0,1181.218885999395
NUEVO PORVENIR-USME,7,2,1,1,0,2,1,0,1921.0,644.0,2.0,37.0,19.0,0.0,0.0,21.0,4.0,0.0,0.0,4.0,0.0,0.0,0.0,286.9323710117674
NUEVO SAN LUIS-USME,2,0,0,0,1,0,0,1,1014.0,310.0,2.0,12.0,13.0,0.0,4.0,2.0,0.0,0.0,0.0,0.0,0.0,0.0,0.0,126.33204724083541
OIKOS LA COLINA-SUBA,4,1,0,0,1,2,0,0,557.0,223.0,0.0,0.0,0.0,0.0,0.0,0.0,0.0,0.0,0.0,0.0,0.0,0.0,0.0,757.0382101965392
OLARTE-BOSA,164,18,18,28,29,16,25,30,15406.0,4478.0,34.0,199.0,135.0,1.0,7.0,5.0,4.0,0.0,0.0,1.0,1.0,4.0,0.0,344.86600787364813
OLAYA-RAFAEL URIBE,331,31,49,26,51,56,52,66,4723.0,1445.0,28.0,214.0,56.0,0.0,4.0,0.0,1.0,0.0,0.0,1.0,0.0,5.0,0.0,277.3163779799048
OLIVARES-USME,2,0,0,1,0,1,0,0,1082.0,323.0,1.0,3.0,2.0,0.0,0.0,0.0,1.0,0.0,0.0,0.0,0.0,1.0,0.0,1314.621583456223
ONASIS-KENNEDY,6,1,0,1,1,0,3,0,437.0,125.0,3.0,3.0,1.0,0.0,2.0,0.0,0.0,0.0,0.0,0.0,0.0,0.0,0.0,1028.8490424457245
ORQUIDEAS II SECTOR-SUBA,4,0,1,1,0,0,1,1,2175.0,704.0,0.0,31.0,17.0,0.0,2.0,3.0,0.0,0.0,0.0,0.0,0.0,2.0,0.0,719.9648264484746
ORQUIDEAS-SUBA,19,2,3,4,3,1,4,2,0.0,0.0,0.0,0.0,0.0,0.0,0.0,0.0,0.0,0.0,0.0,0.0,0.0,0.0,0.0,818.6226165764169
OSORIO DIEZ-BOSA,46,1,7,6,6,7,8,11,2114.0,486.0,0.0,43.0,4.0,0.0,2.0,0.0,1.0,0.0,0.0,1.0,0.0,1.0,0.0,700.3911293228446
OSPINA PEREZ-PUENTE ARANDA,44,5,7,4,7,10,7,4,3434.0,1040.0,2.0,17.0,1.0,0.0,4.0,0.0,1.0,0.0,0.0,4.0,0.0,4.0,0.0,768.4018095077602
PALERMO SUR EL TRIANGULO-RAFAEL URIBE,1,1,0,0,0,0,0,0,446.0,141.0,0.0,3.0,1.0,0.0,0.0,0.0,0.0,0.0,0.0,0.0,0.0,1.0,0.0,159.33923232549614
PALERMO SUR LAS BRISAS-RAFAEL URIBE,2,1,0,0,0,0,0,1,107.0,36.0,0.0,0.0,0.0,0.0,0.0,0.0,0.0,0.0,0.0,0.0,0.0,0.0,0.0,343.3842118567838
PALERMO SUR LOS ARRAYANES-RAFAEL URIBE,1,1,0,0,0,0,0,0,98.0,46.0,0.0,1.0,0.0,0.0,1.0,0.0,0.0,0.0,0.0,0.0,0.0,0.0,0.0,262.329370039461
PALERMO SUR SAN MARCOS-RAFAEL URIBE,1,0,0,0,0,0,1,0,136.0,47.0,0.0,0.0,0.0,0.0,0.0,0.0,0.0,0.0,0.0,0.0,0.0,0.0,0.0,288.2433305571634
PALERMO SUR-RAFAEL URIBE,41,3,9,7,8,1,10,3,3614.0,1133.0,0.0,47.0,13.0,0.0,6.0,6.0,7.0,0.0,0.0,2.0,0.0,1.0,1.0,141.13040047885292
PALERMO-TEUSAQUILLO,199,11,29,29,26,28,31,45,5016.0,2862.0,4.0,88.0,61.0,0.0,24.0,2.0,3.0,1.0,0.0,3.0,0.0,4.0,0.0,520.9585541735719
PALESTINA-FONTIBÓN,6,1,0,0,2,2,1,0,2572.0,885.0,10.0,19.0,5.0,0.0,0.0,1.0,0.0,0.0,0.0,0.0,0.0,1.0,0.0,646.4915575300721
PALMA ALDEA-SUBA,1,0,0,0,0,0,0,1,6533.0,2056.0,2.0,27.0,1.0,0.0,6.0,3.0,1.0,0.0,0.0,4.0,0.0,2.0,0.0,546.4500200017935
PALO BLANCO-ENGATIVÁ,62,7,9,5,7,8,12,14,1593.0,587.0,15.0,85.0,55.0,0.0,3.0,0.0,1.0,0.0,1.0,1.0,0.0,4.0,0.0,310.5781629595896
PALOQUEMAO-LOS MÁRTIRES,524,38,86,71,79,79,81,90,335.0,197.0,99.0,299.0,39.0,0.0,15.0,3.0,0.0,0.0,0.0,0.0,2.0,1.0,1.0,241.69696610511923
PARCELA EL PORVENIR-BOSA,24,3,1,4,2,4,2,8,11919.0,4183.0,0.0,45.0,4.0,3.0,3.0,2.0,0.0,0.0,0.0,1.0,0.0,1.0,0.0,1428.5993233375837
PARCELACION BOGOTA-CIUDAD BOLÍVAR,1,0,0,0,0,0,0,1,410.0,118.0,0.0,0.0,0.0,0.0,0.0,0.0,1.0,0.0,0.0,0.0,0.0,0.0,0.0,345.8890788508934
PARDO RUBIO-CHAPINERO,84,8,20,7,11,9,10,19,2124.0,653.0,2.0,12.0,4.0,0.0,0.0,18.0,0.0,0.0,0.0,1.0,0.0,0.0,0.0,1503.4594153306973
PARIS FRANCIA-ENGATIVÁ,83,8,11,13,19,10,10,12,1252.0,441.0,12.0,72.0,14.0,0.0,4.0,3.0,0.0,0.0,0.0,2.0,0.0,0.0,0.0,382.7681311411245
PARIS GAITAN-ENGATIVÁ,80,10,12,12,9,11,15,11,11344.0,3741.0,2.0,71.0,28.0,0.0,18.0,16.0,15.0,0.0,0.0,4.0,1.0,6.0,0.0,577.6261514530404
PARQUE EL TUNAL-TUNJUELITO,106,9,20,9,17,15,21,15,41.0,17.0,0.0,0.0,4.0,0.0,1.0,0.0,1.0,0.0,0.0,0.0,0.0,1.0,0.0,812.0116127135143
PARQUE INDUSTRIAL-FONTIBÓN,1,0,0,0,0,0,1,0,9.0,5.0,19.0,9.0,30.0,0.0,0.0,0.0,1.0,0.0,0.0,0.0,0.0,0.0,0.0,725.1524734190833
PARQUE NACIONAL-SANTA FE,92,23,15,6,11,11,11,15,16.0,5.0,0.0,0.0,0.0,0.0,3.0,0.0,0.0,0.0,0.0,0.0,0.0,1.0,0.0,1037.9627523166564
PARQUE SIMON BOLIVAR-TEUSAQUILLO,106,31,2,2,6,6,54,5,0.0,0.0,0.0,0.0,0.0,0.0,0.0,0.0,2.0,0.0,0.0,0.0,0.0,0.0,0.0,1429.7691395548197
PARQUES DE PRIMAVERA-PUENTE ARANDA,16,2,0,2,5,4,2,1,0.0,0.0,0.0,0.0,0.0,0.0,0.0,0.0,0.0,0.0,0.0,0.0,0.0,0.0,0.0,735.1967009320473
PASADENA-SUBA,207,13,43,26,28,33,19,45,4068.0,2381.0,0.0,29.0,39.0,0.0,7.0,0.0,6.0,0.0,0.0,6.0,0.0,0.0,0.0,423.97559064372183
PASO ANCHO-BOSA,20,3,2,2,3,6,2,2,0.0,0.0,0.0,0.0,0.0,0.0,1.0,0.0,1.0,0.0,0.0,0.0,0.0,0.0,0.0,409.1252157968525
PASTRANA-KENNEDY,27,0,2,8,7,5,2,3,842.0,264.0,0.0,32.0,20.0,0.0,3.0,0.0,1.0,0.0,0.0,0.0,0.0,0.0,0.0,872.3726093270157
PATICOS-CIUDAD BOLÍVAR,2,0,1,0,0,0,0,1,2062.0,653.0,3.0,17.0,9.0,0.0,2.0,43.0,2.0,0.0,0.0,7.0,0.0,0.0,0.0,3109.1434394851144
PATIO BONITO I SECTOR-KENNEDY,867,86,122,125,136,119,151,128,6842.0,2152.0,20.0,231.0,69.0,0.0,7.0,0.0,0.0,0.0,0.0,0.0,1.0,4.0,0.0,639.1267701186938
PATIO BONITO II SECTOR-KENNEDY,221,21,43,29,33,34,25,36,17691.0,5851.0,22.0,492.0,61.0,1.0,13.0,5.0,2.0,0.0,0.0,4.0,0.0,8.0,1.0,43.61967370736051
PATIO BONITO III SECTOR-KENNEDY,69,4,12,5,14,11,12,11,2539.0,753.0,3.0,153.0,7.0,0.0,3.0,0.0,0.0,0.0,0.0,1.0,0.0,2.0,0.0,427.8841490112549
PENSILVANIA-PUENTE ARANDA,126,7,27,17,17,22,12,24,1155.0,379.0,765.0,156.0,89.0,0.0,10.0,11.0,2.0,0.0,0.0,4.0,1.0,0.0,0.0,611.2545280463548
PERDOMO ALTO-CIUDAD BOLÍVAR,53,6,10,4,6,5,13,9,1716.0,476.0,1.0,9.0,5.0,0.0,0.0,3.0,0.0,0.0,0.0,2.0,0.0,0.0,0.0,1306.917332521057
PERPETUO SOCORRO II-KENNEDY,2,1,0,0,1,0,0,0,805.0,209.0,5.0,3.0,3.0,0.0,0.0,0.0,0.0,0.0,0.0,0.0,0.0,0.0,0.0,215.0307044782648
PERPETUO SOCORRO-KENNEDY,24,1,1,2,5,4,6,5,5322.0,1341.0,2.0,31.0,6.0,0.0,3.0,2.0,0.0,0.0,0.0,0.0,0.0,3.0,1.0,181.12887014051938
PIAMONTE II SECTOR-BOSA,5,1,1,1,1,0,1,0,3328.0,1034.0,0.0,7.0,15.0,0.0,1.0,0.0,3.0,0.0,0.0,0.0,0.0,0.0,0.0,571.0542442282069
PIEDRA HERRADA-SUBA,1,0,0,1,0,0,0,0,0.0,0.0,0.0,0.0,0.0,0.0,0.0,0.0,0.0,0.0,0.0,0.0,0.0,1.0,0.0,1517.5796480411473
PINAR DEL RIO II SECTOR-KENNEDY,1,0,0,0,1,0,0,0,1530.0,409.0,6.0,10.0,5.0,0.0,0.0,6.0,0.0,0.0,0.0,0.0,0.0,0.0,0.0,415.7474270414552
PINAR DEL RIO-KENNEDY,3,0,0,0,1,1,0,1,1133.0,289.0,2.0,2.0,7.0,0.0,0.0,0.0,0.0,0.0,0.0,0.0,0.0,0.0,0.0,569.0694920723632
PINOS DE LOMBARDIA-SUBA,94,4,8,16,11,24,15,16,1201.0,401.0,0.0,7.0,5.0,0.0,0.0,0.0,2.0,0.0,0.0,0.0,1.0,0.0,0.0,1360.2028466045647
PIO XII-KENNEDY,119,8,14,10,19,22,21,25,2685.0,704.0,19.0,77.0,20.0,1.0,3.0,3.0,0.0,1.0,0.0,6.0,0.0,1.0,0.0,453.2870062251237
PIRAMIDE-ENGATIVÁ,1,0,1,0,0,0,0,0,280.0,77.0,0.0,7.0,12.0,0.0,0.0,1.0,0.0,0.0,0.0,0.0,0.0,0.0,0.0,651.8031912859427
PLAZUELAS DEL VIRREY-ENGATIVÁ,30,2,4,3,4,5,6,6,4147.0,1305.0,9.0,52.0,10.0,0.0,6.0,0.0,4.0,0.0,0.0,1.0,0.0,1.0,0.0,858.5888045905748
POLICARPA SALAVARRIETA-ANTONIO NARIÑO,76,7,7,14,13,9,14,12,5975.0,1923.0,26.0,85.0,50.0,1.0,5.0,2.0,1.0,0.0,0.0,5.0,1.0,1.0,0.0,492.35718312686095
POLO CLUB-BARRIOS UNIDOS,374,24,53,63,58,56,44,76,3316.0,1618.0,4.0,190.0,375.0,0.0,8.0,2.0,1.0,0.0,0.0,6.0,0.0,1.0,1.0,99.47792605495006
POPULAR MODELO-BARRIOS UNIDOS,99,10,17,14,11,14,13,20,7993.0,3173.0,15.0,130.0,38.0,0.0,18.0,1.0,2.0,0.0,0.0,2.0,1.0,3.0,1.0,295.2439730941989
PORCIUNCULA-CHAPINERO,253,12,60,29,45,38,18,51,2367.0,1126.0,0.0,119.0,282.0,0.0,16.0,15.0,0.0,0.0,0.0,8.0,2.0,3.0,0.0,338.819910117067
PORTAL DE LOS HAYUELOS-FONTIBÓN,24,1,2,6,5,5,2,3,1016.0,365.0,0.0,0.0,0.0,0.0,0.0,0.0,0.0,0.0,0.0,0.0,0.0,0.0,0.0,147.2147012918108
PORTALES DEL NORTE-SUBA,89,6,18,14,12,17,7,15,11052.0,4155.0,3.0,18.0,21.0,0.0,1.0,0.0,11.0,0.0,0.0,3.0,0.0,2.0,0.0,554.1534594143155
POTOSI-SUBA,50,4,6,11,14,4,5,6,5765.0,2276.0,0.0,2.0,2.0,0.0,0.0,0.0,0.0,0.0,0.0,0.0,0.0,0.0,0.0,1470.9354815589402
POTRERITOS-CIUDAD BOLÍVAR,1,1,0,0,0,0,0,0,800.0,237.0,0.0,0.0,0.0,0.0,0.0,1.0,0.0,0.0,0.0,0.0,0.0,0.0,0.0,852.1601196562839
PRADERA SUR-RAFAEL URIBE,22,1,2,4,3,3,3,6,329.0,101.0,0.0,0.0,1.0,0.0,0.0,0.0,0.0,0.0,0.0,0.0,0.0,0.0,0.0,262.045190093789
PRADO PINZON-SUBA,166,15,30,19,25,22,19,36,6957.0,2814.0,26.0,67.0,22.0,1.0,8.0,6.0,2.0,0.0,0.0,2.0,2.0,2.0,0.0,967.6853698635819
PRADO SUR-SUBA,8,1,0,1,2,4,0,0,5042.0,1853.0,54.0,204.0,65.0,0.0,2.0,1.0,2.0,0.0,0.0,3.0,1.0,2.0,0.0,723.5644803174757
PRADO VERANIEGO NORTE-SUBA,195,16,38,35,26,32,18,30,59.0,15.0,4.0,6.0,3.0,0.0,0.0,0.0,0.0,0.0,0.0,0.0,0.0,0.0,0.0,418.64935515084255
PRADO VERANIEGO-SUBA,322,23,52,40,46,56,37,68,10708.0,3519.0,107.0,853.0,360.0,1.0,13.0,8.0,1.0,1.0,0.0,9.0,1.0,6.0,0.0,479.23363167110637
PRADOS DE KENNEDY-KENNEDY,2,0,0,0,0,0,1,1,792.0,162.0,2.0,0.0,1.0,0.0,0.0,1.0,0.0,0.0,0.0,0.0,0.0,0.0,0.0,582.6537865541623
PRADOS DE SANTA BARBARA-SUBA,6,1,1,2,0,0,2,0,2542.0,800.0,0.0,13.0,1.0,0.0,1.0,6.0,0.0,0.0,0.0,1.0,0.0,0.0,0.0,992.9381095812639
PRADOS DE SUBA-SUBA,12,0,1,3,1,1,2,4,540.0,189.0,0.0,0.0,0.0,0.0,0.0,0.0,0.0,0.0,0.0,0.0,0.0,0.0,0.0,951.2452522235878
PRADOS DEL SALITRE-SUBA,2,0,0,1,0,0,1,0,0.0,0.0,0.0,0.0,0.0,0.0,0.0,0.0,0.0,0.0,0.0,0.0,0.0,0.0,0.0,823.4567453308264
PRIMAVERA II-CIUDAD BOLÍVAR,9,0,0,4,0,4,0,1,106.0,35.0,11.0,11.0,5.0,0.0,0.0,2.0,0.0,0.0,0.0,0.0,0.0,0.0,0.0,321.821933530744
PRIMERO DE MAYO-SAN CRISTÓBAL,84,18,10,10,9,6,17,14,911.0,279.0,2.0,9.0,17.0,0.0,2.0,0.0,1.0,0.0,0.0,0.0,0.0,4.0,0.0,336.10716242403885
PRINCIPE DE BOCHICA-RAFAEL URIBE,30,6,6,3,4,3,4,4,2193.0,460.0,2.0,8.0,10.0,0.0,2.0,2.0,0.0,0.0,0.0,0.0,0.0,0.0,0.0,888.1028257254555
PROVENZA-SUBA,5,0,0,0,1,1,0,3,0.0,0.0,0.0,0.0,0.0,0.0,0.0,0.0,0.0,0.0,0.0,0.0,0.0,0.0,0.0,1555.2230113425517
PROVIDENCIA ALTA-RAFAEL URIBE,13,2,2,2,3,2,1,1,1175.0,371.0,0.0,25.0,8.0,0.0,1.0,4.0,2.0,0.0,0.0,0.0,0.0,0.0,0.0,764.6470084228212
PUEBLO NUEVO-FONTIBÓN,11,2,1,2,1,2,2,1,1735.0,524.0,0.0,2.0,3.0,0.0,0.0,0.0,5.0,0.0,0.0,0.0,0.0,0.0,0.0,418.73527441604125
PUEBLO VIEJO-FONTIBÓN,1,0,1,0,0,0,0,0,0.0,0.0,0.0,0.0,0.0,0.0,0.0,0.0,0.0,0.0,0.0,0.0,0.0,0.0,0.0,2668.624918166667
PUENTE ARANDA-PUENTE ARANDA,1521,143,227,206,219,256,213,257,2353.0,756.0,271.0,198.0,142.0,0.0,8.0,13.0,3.0,0.0,0.0,4.0,1.0,2.0,1.0,278.8207266721755
PUENTE COLORADO-SAN CRISTÓBAL,3,1,1,0,0,0,0,1,1012.0,270.0,0.0,2.0,2.0,0.0,1.0,16.0,0.0,0.0,0.0,2.0,0.0,1.0,0.0,612.0162715285411
PUENTE GRANDE FLORENCIA-FONTIBÓN,17,1,2,1,2,4,3,4,1787.0,538.0,10.0,3.0,9.0,0.0,0.0,4.0,1.0,1.0,0.0,1.0,0.0,0.0,0.0,2144.772543535181
PUENTE GRANDE-FONTIBÓN,53,1,5,7,11,9,11,9,163.0,48.0,21.0,25.0,38.0,0.0,19.0,1.0,1.0,0.0,0.0,0.0,0.0,0.0,0.0,1781.6252650191545
PUERTA AL LLANO II-USME,3,2,0,0,0,0,0,1,385.0,147.0,1.0,4.0,3.0,0.0,0.0,10.0,0.0,0.0,0.0,2.0,0.0,0.0,0.0,842.0781908276472
PUERTA AL LLANO-CIUDAD BOLÍVAR,4,0,1,1,1,0,0,1,322.0,91.0,0.0,0.0,0.0,0.0,0.0,0.0,0.0,0.0,0.0,0.0,0.0,0.0,0.0,746.3775052294535
PUERTA AL LLANO-USME,29,7,2,4,4,4,3,5,2735.0,977.0,8.0,54.0,22.0,0.0,2.0,65.0,7.0,0.0,1.0,12.0,0.0,1.0,0.0,740.0178943914835
PUERTA DE TEJA-FONTIBÓN,82,3,16,8,14,18,13,10,139.0,62.0,1.0,9.0,42.0,0.0,0.0,3.0,6.0,0.0,1.0,0.0,0.0,0.0,0.0,1484.5023122325163
PUERTO RICO-RAFAEL URIBE,18,2,4,3,2,3,2,2,133.0,38.0,0.0,0.0,0.0,0.0,0.0,0.0,1.0,0.0,0.0,0.0,0.0,0.0,0.0,563.8885894392357
QUESADA-TEUSAQUILLO,79,7,16,13,12,6,7,18,4636.0,2286.0,12.0,217.0,78.0,0.0,13.0,4.0,0.0,0.0,0.0,5.0,2.0,0.0,0.0,789.3287157851715
QUIBA-CIUDAD BOLÍVAR,35,2,4,7,6,3,7,6,158.0,59.0,0.0,0.0,0.0,0.0,2.0,6.0,0.0,0.0,0.0,0.0,0.0,1.0,1.0,86.84591167893366
QUINDIO-SAN CRISTÓBAL,16,5,3,2,3,1,1,1,2710.0,775.0,1.0,18.0,17.0,0.0,3.0,21.0,6.0,0.0,2.0,1.0,0.0,1.0,0.0,501.44657045315154
QUINTA CAMACHO-CHAPINERO,313,19,48,46,38,58,44,60,1730.0,967.0,4.0,249.0,398.0,0.0,32.0,1.0,3.0,0.0,0.0,6.0,3.0,5.0,1.0,458.10264083585696
QUINTA MUTIS-BARRIOS UNIDOS,27,3,3,3,4,4,4,6,1692.0,698.0,9.0,180.0,70.0,0.0,13.0,0.0,0.0,0.0,0.0,1.0,1.0,0.0,0.0,701.0118404066815
QUINTA PAREDES-TEUSAQUILLO,388,49,61,37,53,56,74,58,2475.0,1106.0,5.0,41.0,80.0,0.0,6.0,3.0,1.0,0.0,0.0,5.0,1.0,1.0,0.0,1256.7593525928419
QUINTA RAMOS-SAN CRISTÓBAL,20,1,4,0,4,3,4,4,809.0,265.0,1.0,11.0,8.0,0.0,2.0,1.0,1.0,0.0,0.0,1.0,0.0,3.0,0.0,510.8861150824601
QUINTAS RESERVADAS-SUBA,1,0,0,0,0,0,0,1,0.0,0.0,0.0,0.0,0.0,0.0,0.0,0.0,0.0,0.0,0.0,0.0,0.0,0.0,0.0,762.4254326534373
QUIRIGUA PLAN SIDAUTO-ENGATIVÁ,3,0,0,0,0,1,2,0,1103.0,342.0,0.0,22.0,28.0,0.0,1.0,0.0,2.0,0.0,0.0,3.0,0.0,0.0,0.0,462.4966166698594
QUIRIGUA SECTOR F-ENGATIVÁ,7,0,2,0,3,1,0,1,1741.0,526.0,0.0,14.0,15.0,0.0,6.0,0.0,2.0,0.0,0.0,2.0,0.0,1.0,0.0,310.0600342145294
RAFAEL ESCAMILLA-CIUDAD BOLÍVAR,12,3,0,1,3,1,2,2,1358.0,686.0,5.0,2.0,1.0,0.0,2.0,0.0,0.0,0.0,1.0,18.0,0.0,0.0,0.0,603.5706192556768
RAFAEL URIBE-BARRIOS UNIDOS,61,7,12,9,3,6,11,13,1630.0,680.0,31.0,112.0,94.0,0.0,2.0,1.0,0.0,0.0,0.0,2.0,0.0,2.0,0.0,685.1513462316543
RAMAJAL-SAN CRISTÓBAL,15,1,2,0,5,1,3,3,75.0,16.0,0.0,0.0,0.0,0.0,0.0,0.0,0.0,0.0,0.0,0.0,0.0,0.0,0.0,406.8931553853323
RAMIREZ-SANTA FE,15,0,1,4,3,3,0,4,360.0,123.0,0.0,1.0,1.0,0.0,0.0,0.0,0.0,0.0,0.0,0.0,0.0,0.0,0.0,367.6099756457137
RECODO DEL COUNTRY-USAQUÉN,4,0,0,0,1,2,0,1,0.0,0.0,0.0,0.0,0.0,0.0,0.0,0.0,0.0,0.0,0.0,0.0,0.0,0.0,0.0,604.3895207647802
REFUGIO DE LA COLINA-SUBA,1,0,1,0,0,0,0,0,57.0,19.0,0.0,0.0,0.0,0.0,0.0,2.0,0.0,1.0,0.0,0.0,0.0,0.0,0.0,1107.2925119926854
REFUGIO DEL NORTE-ENGATIVÁ,2,0,1,0,0,0,1,0,946.0,327.0,0.0,36.0,25.0,0.0,2.0,0.0,0.0,0.0,0.0,0.0,0.0,1.0,0.0,308.57632805143425
REMANSO-PUENTE ARANDA,82,4,13,7,15,14,13,16,2572.0,882.0,4.0,20.0,6.0,0.0,0.0,1.0,2.0,0.0,0.0,6.0,0.0,0.0,0.0,356.7687941220261
RESTREPO-ANTONIO NARIÑO,1165,145,171,138,170,168,210,163,4987.0,1900.0,15.0,698.0,605.0,0.0,18.0,3.0,0.0,0.0,0.0,6.0,4.0,5.0,1.0,375.87592227081086
RESURRECCION-RAFAEL URIBE,18,2,4,3,2,1,3,3,4605.0,1373.0,3.0,37.0,7.0,0.0,7.0,11.0,1.0,0.0,0.0,2.0,1.0,1.0,0.0,800.1435335104577
RICAURTE-LOS MÁRTIRES,843,56,131,105,139,119,137,156,3304.0,1175.0,401.0,799.0,149.0,1.0,12.0,4.0,5.0,0.0,0.0,10.0,3.0,6.0,1.0,84.75547980813586
RINCON DE BOYACA-SUBA,8,1,0,0,3,4,0,0,709.0,239.0,2.0,4.0,1.0,0.0,0.0,1.0,0.0,0.0,0.0,0.0,0.0,0.0,0.0,993.6809072867834
RINCON DE BRITALIA-SUBA,1,0,0,0,1,0,0,0,0.0,0.0,0.0,0.0,0.0,0.0,0.0,0.0,0.0,0.0,0.0,0.0,0.0,0.0,0.0,879.7190350758556
RINCON DE CANTALEJO-SUBA,1,0,0,0,0,1,0,0,643.0,205.0,7.0,14.0,7.0,0.0,0.0,4.0,0.0,0.0,0.0,2.0,0.0,0.0,0.0,576.3200282503893
RINCON DE CASTILLA-KENNEDY,3,0,1,1,0,0,0,1,808.0,308.0,0.0,0.0,0.0,0.0,0.0,0.0,1.0,0.0,0.0,0.0,0.0,0.0,0.0,140.79949609684243
RINCON DE GALICIA-CIUDAD BOLÍVAR,17,2,2,2,3,2,4,2,416.0,128.0,0.0,1.0,2.0,0.0,0.0,2.0,0.0,0.0,1.0,1.0,0.0,0.0,0.0,1314.2265483961942
RINCON DE LA ESTANCIA-CIUDAD BOLÍVAR,3,0,0,0,0,2,1,0,1196.0,343.0,1.0,9.0,14.0,0.0,3.0,2.0,0.0,0.0,1.0,3.0,2.0,0.0,0.0,1040.1347442701885
RINCON DE LAS VILLAS-SUBA,1,0,0,0,0,0,0,1,673.0,246.0,9.0,43.0,5.0,0.0,0.0,0.0,0.0,0.0,0.0,0.0,0.0,0.0,0.0,651.2719067410401
RINCON DE LOS MOLINOS-RAFAEL URIBE,2,0,0,2,0,0,0,0,1070.0,331.0,1.0,2.0,4.0,0.0,1.0,3.0,0.0,0.0,0.0,0.0,0.0,0.0,0.0,215.96442912691563
RINCON DE MODELIA-FONTIBÓN,15,1,3,3,4,0,2,2,352.0,125.0,0.0,12.0,18.0,0.0,0.0,2.0,1.0,0.0,0.0,0.0,0.0,0.0,0.0,1017.0511595038352
RINCON DE SUBA-SUBA,427,57,63,62,45,63,76,61,8091.0,2609.0,20.0,119.0,82.0,0.0,5.0,3.0,0.0,0.0,0.0,3.0,0.0,2.0,0.0,436.76235240485306
RINCON DE VENECIA-TUNJUELITO,42,1,8,5,6,4,13,5,1946.0,584.0,0.0,27.0,11.0,0.0,1.0,1.0,2.0,0.0,0.0,0.0,0.0,0.0,0.0,1032.0894058877068
RINCON DEL CEDRO-USAQUÉN,1,0,0,0,1,0,0,0,903.0,399.0,0.0,14.0,40.0,0.0,7.0,1.0,2.0,0.0,0.0,0.0,0.0,5.0,0.0,1073.963153875143
RINCON DEL CHICO-USAQUÉN,64,7,10,10,8,5,7,17,5268.0,2834.0,1.0,55.0,47.0,2.0,4.0,5.0,2.0,0.0,0.0,6.0,0.0,0.0,0.0,1467.9015806710895
RINCON DEL DIAMANTE-CIUDAD BOLÍVAR,5,0,0,0,1,0,1,3,1797.0,526.0,1.0,8.0,3.0,0.0,0.0,2.0,0.0,0.0,0.0,0.0,0.0,0.0,0.0,729.2666129367745
RINCON ESCUELA-SUBA,3,1,0,0,0,1,0,1,4984.0,1742.0,7.0,92.0,11.0,0.0,6.0,0.0,1.0,0.0,0.0,1.0,0.0,0.0,0.0,392.7753686476094
RINCON SANTO-FONTIBÓN,7,1,1,1,2,0,0,2,2073.0,719.0,7.0,15.0,6.0,0.0,0.0,2.0,1.0,0.0,0.0,1.0,0.0,0.0,0.0,825.1627122638555
RIONEGRO-BARRIOS UNIDOS,74,2,14,8,17,13,11,9,6787.0,2851.0,72.0,588.0,189.0,0.0,3.0,5.0,2.0,0.0,0.0,12.0,1.0,4.0,0.0,761.5334825782337
SABANA GRANDE-FONTIBÓN,59,12,10,8,9,4,8,8,5893.0,1942.0,0.0,4.0,12.0,0.0,0.0,0.0,6.0,0.0,0.0,0.0,1.0,0.0,1.0,179.30808562392693
SAGRADO CORAZON-KENNEDY,2,0,0,1,1,0,0,0,1312.0,393.0,2.0,18.0,12.0,0.0,1.0,0.0,1.0,0.0,0.0,0.0,0.0,0.0,0.0,761.3946145869457
SAGRADO CORAZON-SANTA FE,140,7,26,14,22,27,15,29,1484.0,1037.0,3.0,124.0,219.0,0.0,14.0,3.0,0.0,0.0,0.0,2.0,3.0,1.0,0.0,427.3839806126017
SAGRADO CORAZON-USAQUÉN,11,2,2,0,4,2,1,0,297.0,105.0,1.0,0.0,2.0,12.0,0.0,0.0,0.0,0.0,0.0,0.0,0.0,0.0,0.0,474.521408943541
SALAZAR GOMEZ-PUENTE ARANDA,193,12,37,24,31,28,27,34,1817.0,638.0,223.0,228.0,118.0,0.0,25.0,1.0,2.0,0.0,0.0,8.0,2.0,2.0,0.0,853.2836487656818
SALITRE I SECTOR-SUBA,8,1,0,2,1,0,2,2,2233.0,690.0,0.0,9.0,12.0,0.0,1.0,8.0,0.0,0.0,0.0,2.0,0.0,0.0,0.0,548.7648364232984
SALITRE II SECTOR-SUBA,2,0,0,2,0,0,0,0,429.0,135.0,0.0,1.0,0.0,0.0,0.0,0.0,0.0,0.0,0.0,0.0,0.0,0.0,0.0,836.6708454471566
SALITRE III SECTOR-SUBA,2,0,0,1,0,0,1,0,154.0,50.0,0.0,2.0,2.0,0.0,0.0,1.0,0.0,0.0,0.0,1.0,0.0,0.0,0.0,836.1740812848346
SALVADOR ALLENDE-KENNEDY,2,0,1,0,0,0,0,1,0.0,0.0,0.0,0.0,0.0,0.0,0.0,0.0,0.0,0.0,0.0,0.0,0.0,0.0,0.0,666.9333109551968
SAMORE-TUNJUELITO,31,0,6,8,7,0,4,6,13647.0,5123.0,16.0,98.0,57.0,0.0,9.0,0.0,0.0,1.0,0.0,4.0,0.0,3.0,0.0,600.142519885387
SAMPER MENDOZA-LOS MÁRTIRES,109,9,21,11,22,19,14,13,1805.0,727.0,136.0,264.0,18.0,0.0,8.0,0.0,1.0,0.0,0.0,4.0,2.0,1.0,0.0,339.9877568108509
SAMPER-SANTA FE,75,7,15,9,9,17,9,9,4914.0,2944.0,0.0,146.0,522.0,0.0,14.0,3.0,4.0,0.0,0.0,19.0,2.0,1.0,0.0,513.4328524428295
SAN AGUSTIN II SECTOR-RAFAEL URIBE,8,1,1,2,0,2,2,0,270.0,82.0,0.0,0.0,0.0,0.0,0.0,0.0,0.0,0.0,0.0,0.0,0.0,0.0,0.0,787.8249489463419
SAN ANDRES AFIDRO-SUBA,15,0,4,0,3,1,4,3,4780.0,1736.0,0.0,43.0,5.0,0.0,1.0,0.0,0.0,0.0,0.0,0.0,0.0,0.0,0.0,499.68241660548273
SAN ANDRES ALTO-USME,1,0,0,0,0,0,1,0,305.0,107.0,0.0,1.0,4.0,0.0,0.0,4.0,0.0,0.0,0.0,0.0,0.0,0.0,0.0,1094.4713592008102
SAN ANDRES II SECTOR-KENNEDY,17,0,2,1,3,5,3,3,1738.0,538.0,13.0,60.0,17.0,1.0,1.0,2.0,1.0,0.0,0.0,2.0,0.0,0.0,1.0,171.07622236494987
SAN ANDRES-KENNEDY,29,1,5,6,3,2,6,6,2418.0,789.0,7.0,10.0,10.0,0.0,3.0,1.0,1.0,0.0,0.0,0.0,0.0,0.0,0.0,376.85083306794564
SAN ANTONIO DE ESCOCIA-BOSA,4,0,2,0,1,0,1,0,941.0,281.0,6.0,6.0,1.0,0.0,1.0,0.0,0.0,0.0,0.0,0.0,0.0,0.0,0.0,838.0812624355848
SAN ANTONIO MIRADOR-CIUDAD BOLÍVAR,1,0,1,0,0,0,0,0,4.0,4.0,0.0,0.0,0.0,0.0,0.0,0.0,0.0,0.0,1.0,0.0,0.0,0.0,0.0,831.7450696402902
SAN ANTONIO NORTE II SECTOR-USAQUÉN,14,0,3,5,3,1,1,1,5929.0,1839.0,8.0,111.0,50.0,0.0,5.0,15.0,2.0,0.0,0.0,2.0,0.0,5.0,0.0,735.9322155569466
SAN ANTONIO NORTE-ENGATIVÁ,15,3,5,0,2,1,3,1,3702.0,1138.0,18.0,32.0,25.0,0.0,1.0,4.0,3.0,0.0,0.0,1.0,0.0,0.0,0.0,349.34200713809565
SAN ANTONIO NORTE-USAQUÉN,103,15,17,12,22,14,14,9,6141.0,2043.0,25.0,129.0,82.0,1.0,9.0,8.0,4.0,0.0,0.0,11.0,0.0,3.0,0.0,777.1388481253082
SAN ANTONIO-ANTONIO NARIÑO,159,23,20,12,29,27,23,25,9330.0,2995.0,27.0,54.0,35.0,0.0,15.0,2.0,2.0,0.0,0.0,3.0,0.0,8.0,0.0,493.2321536189801
SAN ANTONIO-BOSA,31,2,5,4,6,6,6,2,4401.0,1311.0,3.0,71.0,40.0,0.0,5.0,5.0,1.0,1.0,2.0,2.0,0.0,0.0,0.0,700.9865914244153
SAN ANTONIO-SUBA,4,0,0,1,1,1,1,0,149.0,62.0,10.0,6.0,2.0,0.0,1.0,0.0,0.0,0.0,0.0,0.0,0.0,0.0,0.0,1039.0563272381198
SAN BASILIO-ENGATIVÁ,25,1,6,1,5,0,4,8,3577.0,1121.0,0.0,0.0,1.0,0.0,0.0,0.0,0.0,0.0,0.0,0.0,0.0,1.0,0.0,751.9851422268657
SAN BENITO-TUNJUELITO,93,5,19,11,17,16,8,17,6642.0,1643.0,226.0,43.0,14.0,2.0,16.0,5.0,1.0,0.0,1.0,3.0,0.0,3.0,0.0,687.6139479532928
SAN BERNARDINO II-BOSA,8,2,2,0,2,1,0,1,9.0,4.0,0.0,0.0,0.0,1.0,0.0,0.0,0.0,0.0,0.0,0.0,0.0,0.0,0.0,1156.4254694737278
SAN BERNARDINO POTRERITOS-BOSA,35,7,3,7,3,5,5,5,2105.0,543.0,2.0,13.0,3.0,1.0,0.0,18.0,0.0,0.0,0.0,5.0,0.0,1.0,0.0,1232.2050056484754
SAN BERNARDINO XVIII-BOSA,26,1,7,3,6,3,2,4,3487.0,1027.0,27.0,55.0,23.0,0.0,2.0,152.0,5.0,0.0,0.0,36.0,0.0,0.0,0.0,927.1263636784988
SAN BERNARDINO-BOSA,128,12,13,23,22,21,20,17,7177.0,1936.0,19.0,101.0,27.0,0.0,1.0,19.0,1.0,0.0,1.0,9.0,0.0,2.0,0.0,1130.722421910892
SAN BERNARDO DEL VIENTO-SAN CRISTÓBAL,7,0,2,3,1,1,0,0,0.0,0.0,0.0,0.0,0.0,0.0,0.0,0.0,0.0,0.0,0.0,0.0,0.0,0.0,0.0,303.0248192524721
SAN BERNARDO-SANTA FE,419,67,57,51,68,55,50,71,8793.0,3586.0,43.0,209.0,111.0,0.0,2.0,3.0,1.0,0.0,0.0,43.0,0.0,2.0,0.0,547.4744494727527
SAN CARLOS NORTE-TUNJUELITO,2,1,0,0,0,0,0,1,1786.0,320.0,0.0,19.0,7.0,0.0,0.0,0.0,1.0,0.0,0.0,0.0,0.0,2.0,0.0,304.96942170803925
SAN CARLOS-KENNEDY,2,0,1,0,0,0,0,1,2912.0,838.0,15.0,33.0,37.0,0.0,1.0,1.0,0.0,0.0,0.0,2.0,1.0,1.0,0.0,98.12091376216189
SAN CARLOS-TUNJUELITO,152,15,31,18,19,25,23,21,14954.0,3688.0,27.0,76.0,25.0,1.0,8.0,5.0,2.0,0.0,0.0,4.0,0.0,8.0,1.0,96.1814839269433
SAN CAYETANO-ENGATIVÁ,23,3,6,5,3,2,1,3,1631.0,583.0,4.0,21.0,15.0,0.0,0.0,1.0,4.0,0.0,0.0,2.0,0.0,0.0,0.0,722.5055060316172
SAN CAYETANO-SUBA,41,5,7,5,6,7,5,6,6825.0,1422.0,1.0,28.0,11.0,0.0,2.0,2.0,1.0,0.0,0.0,0.0,0.0,0.0,0.0,579.9922200256503
SAN CAYETANO-USME,1,0,0,0,0,0,1,0,0.0,0.0,0.0,0.0,0.0,0.0,1.0,0.0,0.0,0.0,0.0,0.0,0.0,1.0,0.0,259.4751550639511
SAN CRISTOBAL ALTO-SAN CRISTÓBAL,162,17,21,27,17,27,28,25,1252.0,407.0,1.0,13.0,8.0,0.0,1.0,10.0,1.0,0.0,0.0,0.0,0.0,0.0,0.0,1443.5538095067932
SAN CRISTOBAL NORTE-USAQUÉN,180,17,27,22,33,31,25,25,1046.0,337.0,7.0,103.0,75.0,0.0,1.0,1.0,0.0,0.0,0.0,0.0,0.0,1.0,0.0,370.0984617424248
SAN CRISTOBAL-SUBA,4,2,1,0,0,0,1,0,237.0,83.0,0.0,0.0,3.0,0.0,0.0,0.0,2.0,0.0,0.0,0.0,0.0,0.0,0.0,991.3137307452838
SAN DIEGO BOSA-BOSA,93,11,10,10,16,12,15,19,1793.0,552.0,1.0,3.0,3.0,0.0,0.0,3.0,0.0,0.0,0.0,0.0,0.0,0.0,0.0,949.2772779771298
SAN DIEGO LA PAZ IV SECTOR-BOSA,1,0,0,0,0,1,0,0,242.0,112.0,0.0,7.0,0.0,0.0,0.0,0.0,0.0,0.0,0.0,0.0,0.0,0.0,0.0,713.839536498255
SAN DIEGO-SANTA FE,550,58,82,75,75,79,78,103,2038.0,1015.0,3.0,47.0,362.0,3.0,3.0,4.0,1.0,0.0,0.0,3.0,1.0,0.0,1.0,204.30468955302774
SAN DIONISIO-SANTA FE,1,0,0,0,0,0,1,0,494.0,154.0,0.0,1.0,0.0,0.0,1.0,2.0,0.0,0.0,0.0,0.0,0.0,0.0,0.0,354.0554104103252
SAN EUGENIO-BOSA,1,0,0,1,0,0,0,0,816.0,205.0,1.0,0.0,2.0,0.0,0.0,6.0,0.0,0.0,0.0,1.0,0.0,0.0,0.0,347.0391476449093
SAN EUSEBIO-PUENTE ARANDA,73,7,12,11,10,14,7,12,6241.0,1872.0,6.0,20.0,7.0,0.0,5.0,1.0,6.0,0.0,0.0,2.0,0.0,2.0,1.0,381.6830680607262
SAN FELIPE-BARRIOS UNIDOS,170,20,22,24,19,24,17,44,1437.0,705.0,15.0,128.0,272.0,0.0,2.0,3.0,2.0,0.0,0.0,5.0,1.0,1.0,0.0,509.1804443685537
SAN FELIPE-USME,10,2,2,0,1,0,2,3,1525.0,500.0,0.0,0.0,1.0,0.0,0.0,3.0,0.0,0.0,0.0,1.0,0.0,0.0,0.0,1001.1592535124552
SAN FERNANDO OCCIDENTAL-BARRIOS UNIDOS,77,7,8,11,14,16,10,11,7641.0,2824.0,72.0,271.0,227.0,0.0,10.0,2.0,0.0,0.0,0.0,8.0,1.0,1.0,0.0,746.1509906517492
SAN FERNANDO-BARRIOS UNIDOS,157,9,24,19,31,25,25,24,5038.0,1708.0,161.0,120.0,195.0,0.0,6.0,6.0,1.0,0.0,0.0,2.0,1.0,4.0,0.0,242.50330257473476
SAN FRANCISCO NORTE-SUBA,8,0,2,3,2,1,0,0,1011.0,335.0,0.0,1.0,0.0,0.0,0.0,0.0,0.0,0.0,0.0,1.0,0.0,0.0,0.0,1425.135902666739
SAN FRANCISCO PARTE ALTA-SUBA,1,0,0,0,0,0,1,0,494.0,163.0,0.0,3.0,0.0,0.0,0.0,0.0,0.0,0.0,0.0,0.0,0.0,0.0,0.0,1498.230163488937
SAN GABRIEL-PUENTE ARANDA,17,0,3,1,2,1,3,7,4756.0,1466.0,38.0,84.0,37.0,0.0,6.0,0.0,0.0,0.0,0.0,1.0,2.0,4.0,0.0,314.7144486470637
SAN IGNACIO-ENGATIVÁ,97,11,13,10,15,15,12,21,2159.0,926.0,19.0,29.0,19.0,0.0,1.0,1.0,0.0,0.0,0.0,2.0,0.0,2.0,0.0,704.62168767891
SAN ISIDRO SECTOR CERRITO I-CIUDAD BOLÍVAR,1,0,0,0,1,0,0,0,1024.0,305.0,1.0,8.0,1.0,0.0,0.0,1.0,0.0,0.0,1.0,0.0,0.0,0.0,0.0,522.2733126877681
SAN ISIDRO SECTOR CERRITO II-CIUDAD BOLÍVAR,1,0,0,0,1,0,0,0,510.0,141.0,0.0,4.0,0.0,0.0,0.0,0.0,0.0,0.0,0.0,0.0,0.0,0.0,0.0,628.8892500136427
SAN ISIDRO SUR-SAN CRISTÓBAL,11,0,2,2,1,4,1,1,0.0,0.0,0.0,0.0,0.0,0.0,0.0,0.0,0.0,0.0,0.0,0.0,0.0,0.0,0.0,414.64207940556383
SAN ISIDRO SUR-USME,3,0,0,0,1,0,1,1,736.0,222.0,0.0,0.0,1.0,0.0,0.0,4.0,3.0,0.0,0.0,2.0,0.0,0.0,0.0,1377.2279716828791
SAN ISIDRO-CHAPINERO,11,0,1,1,3,1,1,4,4361.0,1555.0,2.0,24.0,5.0,0.0,4.0,59.0,8.0,0.0,0.0,16.0,3.0,1.0,0.0,1180.886058312094
SAN ISIDRO-CIUDAD BOLÍVAR,6,1,2,0,1,1,1,0,263.0,62.0,0.0,3.0,1.0,0.0,0.0,0.0,0.0,0.0,0.0,0.0,0.0,0.0,0.0,423.8354545304555
SAN ISIDRO-SAN CRISTÓBAL,37,2,3,5,9,5,8,5,2894.0,1098.0,6.0,72.0,52.0,0.0,3.0,2.0,1.0,0.0,0.0,4.0,0.0,1.0,0.0,614.4018340498704
SAN JACINTO-SAN CRISTÓBAL,3,2,1,0,0,0,0,0,1081.0,244.0,0.0,2.0,4.0,0.0,0.0,3.0,0.0,0.0,0.0,0.0,0.0,0.0,0.0,262.9761110248631
SAN JAVIER-BOSA,2,0,1,0,0,0,0,1,640.0,158.0,1.0,11.0,0.0,0.0,0.0,1.0,0.0,0.0,0.0,0.0,1.0,0.0,0.0,434.1292108519531
SAN JERONIMO DEL YUSTE-SAN CRISTÓBAL,5,0,1,0,1,0,1,2,918.0,343.0,0.0,0.0,2.0,0.0,1.0,1.0,5.0,0.0,6.0,0.0,0.0,1.0,0.0,1393.6510596866108
SAN JOAQUIN NORTE-ENGATIVÁ,14,1,2,1,2,2,2,4,1905.0,549.0,1.0,43.0,60.0,0.0,1.0,1.0,1.0,0.0,0.0,0.0,0.0,1.0,0.0,946.1686088004355
SAN JOAQUIN-BOSA,7,0,3,1,1,0,0,2,2543.0,625.0,4.0,51.0,13.0,1.0,0.0,4.0,1.0,0.0,0.0,2.0,0.0,0.0,0.0,915.4294975511106
SAN JOAQUIN-ENGATIVÁ,34,6,6,3,1,6,3,9,2188.0,596.0,8.0,13.0,44.0,0.0,1.0,0.0,0.0,0.0,0.0,0.0,0.0,1.0,0.0,1086.854102109384
SAN JORGE CENTRAL II SECTOR-ANTONIO NARIÑO,9,1,1,4,2,1,0,0,921.0,295.0,19.0,4.0,5.0,0.0,2.0,0.0,1.0,0.0,0.0,3.0,0.0,0.0,0.0,463.53363411096194
SAN JORGE CENTRAL-ANTONIO NARIÑO,35,3,6,8,3,5,5,5,2215.0,720.0,3.0,33.0,13.0,0.0,1.0,0.0,2.0,0.0,0.0,0.0,0.0,1.0,0.0,715.3780962123633
SAN JORGE CENTRAL-PUENTE ARANDA,6,1,0,1,2,0,2,0,2448.0,656.0,7.0,41.0,5.0,0.0,2.0,1.0,1.0,0.0,0.0,2.0,0.0,1.0,0.0,736.7580345148456
SAN JORGE-BOSA,4,0,1,1,0,0,2,0,856.0,213.0,0.0,4.0,2.0,0.0,0.0,1.0,1.0,0.0,0.0,1.0,0.0,0.0,0.0,1062.7030708912578
SAN JORGE-SUBA,6,0,1,1,1,2,0,1,1017.0,542.0,2.0,13.0,9.0,0.0,2.0,1.0,0.0,0.0,0.0,2.0,0.0,0.0,0.0,765.3214523907116
SAN JOSE DE BARRANCAS-USAQUÉN,11,0,3,1,2,2,2,1,1001.0,383.0,0.0,19.0,8.0,0.0,0.0,1.0,2.0,0.0,0.0,0.0,0.0,0.0,0.0,685.6986642445833
SAN JOSE DE BAVARIA-SUBA,97,8,14,14,18,12,16,15,4627.0,1576.0,2.0,8.0,29.0,0.0,13.0,21.0,1.0,0.0,0.0,7.0,0.0,24.0,0.0,1046.7382716892428
SAN JOSE DE FONTIBON-FONTIBÓN,108,5,17,10,24,19,13,20,205.0,65.0,10.0,5.0,3.0,0.0,2.0,5.0,0.0,0.0,0.0,0.0,0.0,0.0,0.0,1078.6918810690204
SAN JOSE DEL PRADO-SUBA,55,3,10,7,6,11,5,13,6832.0,2498.0,47.0,191.0,149.0,0.0,12.0,3.0,12.0,0.0,0.0,6.0,2.0,4.0,0.0,964.976878768215
SAN JOSE OBRERO-ENGATIVÁ,9,3,0,0,2,0,2,2,1858.0,627.0,0.0,7.0,4.0,0.0,0.0,1.0,0.0,0.0,0.0,0.0,0.0,0.0,0.0,1209.8974882851312
SAN JOSE OCCIDENTAL-KENNEDY,3,0,0,1,1,1,0,0,238.0,61.0,5.0,31.0,26.0,0.0,0.0,1.0,0.0,0.0,0.0,1.0,0.0,0.0,0.0,1034.821589720449
SAN JOSE ORIENTAL-SAN CRISTÓBAL,4,0,1,0,0,2,1,0,1958.0,602.0,0.0,30.0,6.0,5.0,3.0,1.0,2.0,0.0,0.0,0.0,1.0,1.0,0.0,714.114002406804
SAN JOSE SUR-RAFAEL URIBE,125,8,18,17,24,24,10,24,11027.0,4102.0,41.0,163.0,139.0,0.0,31.0,5.0,3.0,0.0,0.0,5.0,1.0,5.0,0.0,943.4314113348453
SAN JUAN BAUTISTA-USME,5,1,0,0,0,2,2,0,1032.0,341.0,0.0,15.0,1.0,0.0,2.0,0.0,2.0,0.0,0.0,0.0,0.0,1.0,0.0,726.5576101480176
SAN JUAN BOSCO-USAQUÉN,3,0,0,2,0,0,0,1,1767.0,536.0,1.0,22.0,4.0,0.0,1.0,4.0,1.0,0.0,0.0,0.0,0.0,1.0,0.0,1181.696287943602
SAN JUAN DE CASTILLA-KENNEDY,1,0,0,0,0,1,0,0,738.0,303.0,0.0,0.0,0.0,0.0,0.0,0.0,0.0,0.0,0.0,2.0,0.0,0.0,0.0,451.8146595479812
SAN JUANITO-BOSA,1,0,1,0,0,0,0,0,143.0,40.0,0.0,8.0,1.0,0.0,0.0,0.0,0.0,0.0,0.0,0.0,0.0,0.0,0.0,1228.752815122681
SAN LUIS ALTOS DEL CABO-CHAPINERO,25,4,2,3,0,3,5,8,5504.0,1817.0,0.0,50.0,5.0,0.0,5.0,68.0,3.0,0.0,1.0,8.0,0.0,0.0,0.0,840.6642889240832
SAN LUIS-CIUDAD BOLÍVAR,2,0,0,0,0,2,0,0,996.0,270.0,0.0,0.0,1.0,0.0,1.0,2.0,0.0,0.0,0.0,0.0,0.0,0.0,0.0,270.69532813969846
SAN LUIS-RAFAEL URIBE,30,2,3,4,4,1,6,10,0.0,0.0,0.0,0.0,1.0,0.0,1.0,0.0,1.0,0.0,0.0,0.0,0.0,3.0,0.0,501.14792145019226
SAN LUIS-TEUSAQUILLO,114,11,25,10,18,19,15,16,6279.0,2962.0,4.0,117.0,286.0,0.0,8.0,9.0,2.0,0.0,0.0,13.0,1.0,3.0,1.0,258.80360093875805
SAN LUIS-USME,5,2,0,0,1,2,0,0,1507.0,486.0,0.0,7.0,4.0,0.0,2.0,0.0,0.0,0.0,0.0,0.0,0.0,0.0,0.0,583.6400261521316
SAN MANUEL-SAN CRISTÓBAL,1,0,0,0,0,1,0,0,245.0,83.0,0.0,0.0,2.0,0.0,0.0,2.0,0.0,0.0,0.0,1.0,0.0,0.0,0.0,491.8892403824582
SAN MARCOS-ENGATIVÁ,67,7,12,12,5,5,9,17,398.0,166.0,1.0,3.0,1.0,0.0,0.0,2.0,2.0,0.0,0.0,0.0,0.0,0.0,0.0,603.5070607161844
SAN MARTIN DE LOBA-SAN CRISTÓBAL,22,3,8,4,2,4,0,1,10258.0,3041.0,4.0,71.0,34.0,0.0,10.0,23.0,3.0,0.0,1.0,4.0,0.0,2.0,0.0,902.8577426324135
SAN MARTIN DE PORRES-CHAPINERO,3,0,0,0,1,1,1,0,897.0,263.0,0.0,3.0,6.0,0.0,1.0,5.0,1.0,0.0,0.0,0.0,0.0,0.0,0.0,1594.5342850562051
SAN MARTIN-BOSA,9,1,0,3,3,1,1,0,2671.0,676.0,1.0,28.0,1.0,0.0,4.0,3.0,1.0,0.0,0.0,3.0,0.0,4.0,0.0,508.90422225305275
SAN MARTIN-SANTA FE,71,5,12,14,6,15,9,10,890.0,365.0,0.0,36.0,85.0,0.0,4.0,8.0,0.0,0.0,0.0,4.0,1.0,1.0,0.0,636.6114507104138
SAN MIGUEL-BARRIOS UNIDOS,46,5,8,11,6,4,3,9,4726.0,2014.0,19.0,102.0,80.0,0.0,7.0,0.0,1.0,1.0,0.0,3.0,0.0,2.0,0.0,380.6786265752763
SAN MIGUEL-BOSA,1,0,0,1,0,0,0,0,1615.0,330.0,2.0,25.0,2.0,1.0,2.0,2.0,0.0,0.0,0.0,4.0,0.0,0.0,0.0,1001.7250463338207
SAN MIGUEL-RAFAEL URIBE,1,1,0,0,0,0,0,0,366.0,113.0,0.0,0.0,0.0,0.0,0.0,0.0,0.0,0.0,0.0,0.0,0.0,0.0,0.0,217.26266957297727
SAN PABLO II SECTOR-BOSA,5,1,1,0,1,1,1,0,7696.0,2022.0,10.0,142.0,25.0,0.0,6.0,4.0,0.0,0.0,0.0,2.0,0.0,2.0,0.0,370.1662907467556
SAN PABLO JERICO-FONTIBÓN,35,3,10,4,5,5,6,2,126.0,45.0,64.0,31.0,30.0,0.0,1.0,1.0,6.0,0.0,0.0,4.0,0.0,2.0,0.0,1064.4896800480838
SAN PABLO-BOSA,65,9,3,15,8,15,6,9,212.0,64.0,0.0,3.0,3.0,0.0,0.0,1.0,0.0,0.0,0.0,0.0,0.0,0.0,0.0,777.5312732968205
SAN PABLO-FONTIBÓN,30,4,4,3,4,4,7,4,2617.0,938.0,5.0,26.0,14.0,2.0,0.0,0.0,0.0,0.0,1.0,0.0,0.0,1.0,0.0,813.6041405629217
SAN PABLO-USME,2,0,1,0,0,0,0,1,246.0,71.0,0.0,4.0,0.0,0.0,0.0,0.0,0.0,0.0,0.0,0.0,0.0,0.0,0.0,1088.599404499629
SAN PEDRO DE TIBABUYES-SUBA,39,5,6,1,5,7,9,6,15517.0,5545.0,23.0,179.0,52.0,0.0,13.0,29.0,0.0,0.0,0.0,10.0,0.0,5.0,0.0,1380.4061100066624
SAN PEDRO-BOSA,19,3,3,3,0,3,3,4,4900.0,1118.0,18.0,29.0,9.0,0.0,1.0,9.0,0.0,0.0,0.0,4.0,1.0,0.0,0.0,740.8411441879683
SAN PEDRO-SAN CRISTÓBAL,23,1,6,4,2,1,5,4,0.0,0.0,0.0,0.0,0.0,0.0,0.0,0.0,0.0,0.0,0.0,0.0,0.0,0.0,0.0,582.6010470637852
SAN RAFAEL INDUSTRIAL-PUENTE ARANDA,57,7,8,4,13,11,7,7,266.0,58.0,62.0,17.0,18.0,0.0,1.0,1.0,0.0,0.0,0.0,0.0,0.0,0.0,0.0,671.559683864227
SAN RAFAEL SUR ORIENTAL-SAN CRISTÓBAL,6,0,1,1,2,1,0,1,1952.0,626.0,8.0,14.0,8.0,3.0,4.0,54.0,1.0,0.0,1.0,2.0,0.0,3.0,0.0,420.26785835103584
SAN RAFAEL SUR-CIUDAD BOLÍVAR,12,2,1,0,2,3,3,1,296.0,90.0,0.0,0.0,0.0,0.0,0.0,0.0,0.0,0.0,0.0,0.0,0.0,0.0,0.0,490.8790927721187
SAN VICENTE FERRER-TUNJUELITO,131,14,11,12,22,35,21,16,17436.0,5539.0,26.0,178.0,94.0,0.0,11.0,2.0,0.0,0.0,1.0,10.0,1.0,3.0,0.0,963.1763751868511
SAN VICENTE-SAN CRISTÓBAL,45,5,6,8,3,9,8,6,2997.0,1064.0,2.0,57.0,1.0,0.0,5.0,8.0,1.0,0.0,0.0,0.0,0.0,0.0,0.0,653.3952366016151
SAN VICTORINO-LOS MÁRTIRES,496,48,60,54,75,70,125,64,1540.0,704.0,8.0,74.0,20.0,0.0,3.0,4.0,0.0,0.0,0.0,17.0,0.0,1.0,0.0,571.7600224623513
SANTA ANA OCCIDENTAL-USAQUÉN,36,3,6,6,4,8,5,4,4446.0,1895.0,2.0,177.0,37.0,1.0,2.0,0.0,8.0,2.0,0.0,5.0,0.0,1.0,0.0,753.8393299908752
SANTA ANA ORIENTAL-USAQUÉN,11,0,4,1,1,3,1,1,2609.0,1035.0,2.0,7.0,11.0,0.0,4.0,3.0,3.0,0.0,1.0,13.0,2.0,1.0,0.0,746.9957687340745
SANTA ANA SUR-SAN CRISTÓBAL,15,1,2,1,4,4,1,2,2730.0,842.0,4.0,39.0,25.0,0.0,5.0,0.0,1.0,0.0,0.0,2.0,0.0,4.0,0.0,894.752745096911
SANTA ANA-SAN CRISTÓBAL,31,2,5,1,4,9,7,3,94.0,21.0,0.0,1.0,0.0,0.0,0.0,0.0,0.0,0.0,0.0,1.0,0.0,0.0,0.0,1231.7586874433941
SANTA ANA-SUBA,23,2,4,3,1,6,3,4,1712.0,590.0,4.0,16.0,5.0,0.0,1.0,1.0,0.0,0.0,0.0,0.0,0.0,0.0,0.0,811.6135709500995
SANTA BARBARA CENTRAL IV SECTOR-USAQUÉN,7,0,2,2,1,0,0,2,3732.0,2049.0,0.0,4.0,35.0,0.0,0.0,1.0,0.0,0.0,0.0,1.0,0.0,0.0,0.0,754.7536791331135
SANTA BARBARA CITY HALL-USAQUÉN,1,1,0,0,0,0,0,0,0.0,0.0,0.0,0.0,0.0,0.0,0.0,0.0,0.0,0.0,0.0,0.0,0.0,0.0,0.0,786.8775792905698
SANTA BARBARA II SECTOR-SUBA,2,0,1,0,0,0,0,1,232.0,88.0,0.0,2.0,0.0,0.0,0.0,0.0,0.0,0.0,0.0,0.0,0.0,0.0,0.0,811.8865954116108
SANTA BARBARA NORTE-USAQUÉN,78,6,11,11,17,11,9,13,2733.0,1240.0,0.0,1.0,4.0,0.0,0.0,4.0,2.0,0.0,0.0,0.0,0.0,0.0,0.0,1303.1685074045176
SANTA BARBARA TIBABUYES-SUBA,2,0,1,0,1,0,0,0,3372.0,1029.0,8.0,49.0,2.0,0.0,6.0,2.0,0.0,0.0,0.0,1.0,1.0,0.0,0.0,831.4653851606147
SANTA BARBARA-CANDELARIA,28,1,4,6,4,7,3,3,2923.0,1580.0,2.0,61.0,28.0,0.0,3.0,5.0,1.0,0.0,0.0,6.0,0.0,5.0,0.0,485.2185934327285
SANTA BIBIANA-USAQUÉN,188,10,32,32,24,25,25,40,10408.0,5355.0,1.0,38.0,105.0,0.0,9.0,1.0,5.0,0.0,0.0,9.0,1.0,2.0,0.0,782.1216889017576
SANTA CATALINA-KENNEDY,30,3,4,5,6,2,5,5,2945.0,906.0,3.0,21.0,10.0,0.0,0.0,3.0,3.0,0.0,0.0,0.0,0.0,1.0,0.0,279.6812521132171
SANTA CATALINA-SUBA,27,1,8,2,3,6,6,1,658.0,284.0,0.0,15.0,12.0,0.0,1.0,0.0,0.0,0.0,0.0,0.0,0.0,0.0,0.0,995.0982173840431
SANTA CECILIA I-SUBA,36,1,6,7,3,5,11,3,5901.0,1865.0,4.0,35.0,8.0,0.0,2.0,25.0,1.0,0.0,0.0,2.0,0.0,0.0,0.0,2401.7065858923947
SANTA CECILIA NORTE PARTE ALTA-USAQUÉN,3,0,0,0,1,0,1,1,6983.0,1937.0,1.0,30.0,12.0,0.0,3.0,19.0,0.0,0.0,0.0,5.0,0.0,1.0,0.0,908.3067480840069
SANTA CECILIA PARTE BAJA-USAQUÉN,4,0,1,0,0,1,0,2,1013.0,330.0,1.0,5.0,3.0,0.0,2.0,0.0,2.0,0.0,0.0,0.0,0.0,1.0,0.0,203.52237235568276
SANTA CECILIA-ENGATIVÁ,49,2,8,5,10,11,5,8,5562.0,2113.0,1.0,52.0,40.0,0.0,0.0,0.0,4.0,0.0,0.0,1.0,0.0,1.0,0.0,605.6802677006469
SANTA CECILIA-FONTIBÓN,87,15,21,10,5,12,14,10,1768.0,678.0,27.0,110.0,135.0,0.0,3.0,6.0,0.0,2.0,0.0,3.0,0.0,0.0,0.0,1062.6079538987126
SANTA CLARA-TEUSAQUILLO,3,0,1,0,0,1,1,0,2374.0,1049.0,2.0,2.0,4.0,0.0,0.0,0.0,1.0,0.0,0.0,0.0,0.0,1.0,0.0,1302.0378160853857
SANTA FE-LOS MÁRTIRES,371,37,61,46,53,52,65,57,7756.0,3621.0,223.0,470.0,115.0,1.0,22.0,19.0,5.0,0.0,0.0,8.0,0.0,2.0,1.0,528.751189340155
SANTA FELISA-USAQUÉN,2,0,0,0,0,0,0,2,0.0,0.0,0.0,0.0,0.0,0.0,0.0,0.0,0.0,0.0,0.0,0.0,0.0,0.0,0.0,722.4551757350698
SANTA HELENA-CIUDAD BOLÍVAR,2,0,0,0,2,0,0,0,0.0,0.0,0.0,0.0,0.0,0.0,0.0,0.0,0.0,0.0,0.0,0.0,0.0,0.0,0.0,630.5769002501605
SANTA HELENA-SUBA,71,9,9,5,8,10,19,11,1249.0,441.0,0.0,0.0,0.0,0.0,1.0,0.0,0.0,0.0,0.0,0.0,0.0,1.0,0.0,1117.2471130872102
SANTA HELENA-USME,2,0,0,1,0,0,1,0,0.0,0.0,0.0,0.0,0.0,0.0,0.0,0.0,0.0,0.0,0.0,0.0,0.0,0.0,0.0,843.516288761346
SANTA HELENITA-ENGATIVÁ,196,15,20,24,40,38,29,30,15113.0,5315.0,29.0,297.0,150.0,2.0,14.0,1.0,5.0,0.0,0.0,9.0,0.0,9.0,0.0,862.3914756053388
SANTA INES SUR-SAN CRISTÓBAL,21,4,4,1,3,2,2,5,0.0,0.0,0.0,0.0,0.0,0.0,0.0,0.0,1.0,0.0,0.0,0.0,0.0,0.0,0.0,487.0423709344547
SANTA INES-BOSA,4,1,1,0,1,1,0,0,1775.0,553.0,8.0,39.0,33.0,0.0,1.0,6.0,0.0,0.0,0.0,4.0,0.0,0.0,0.0,687.6447382924713
SANTA INES-SANTA FE,333,46,36,34,44,44,83,46,354.0,487.0,1.0,352.0,16.0,0.0,2.0,0.0,5.0,0.0,0.0,15.0,1.0,0.0,0.0,273.4367614921715
SANTA ISABEL DEL RESTREPO-ANTONIO NARIÑO,45,10,8,6,6,4,6,5,0.0,0.0,0.0,0.0,0.0,0.0,0.0,0.0,0.0,0.0,0.0,0.0,0.0,0.0,0.0,421.0340398216049
SANTA ISABEL OCCIDENTAL-PUENTE ARANDA,60,1,14,9,13,9,6,8,1670.0,591.0,1.0,45.0,22.0,0.0,0.0,0.0,3.0,0.0,0.0,0.0,0.0,1.0,0.0,542.9134072919376
SANTA ISABEL SUR-LOS MÁRTIRES,74,4,13,6,9,21,11,10,6625.0,2306.0,17.0,104.0,71.0,1.0,3.0,2.0,2.0,0.0,0.0,11.0,2.0,4.0,0.0,265.0644466051619
SANTA ISABEL-LOS MÁRTIRES,271,29,35,30,35,43,53,46,5557.0,1989.0,12.0,125.0,91.0,0.0,2.0,3.0,5.0,0.0,0.0,9.0,3.0,2.0,1.0,209.40143689221628
SANTA LIBRADA LA ESPERANZA-USME,4,0,1,1,1,1,0,0,198.0,58.0,0.0,0.0,0.0,0.0,0.0,0.0,0.0,0.0,0.0,0.0,0.0,0.0,0.0,945.9118465012358
SANTA LIBRADA LOS TEJARES-USME,18,4,1,0,2,2,5,4,1885.0,641.0,0.0,4.0,3.0,1.0,3.0,1.0,1.0,0.0,0.0,0.0,0.0,0.0,0.0,1305.8648735737604
SANTA LIBRADA SALAZAR SALAZAR-USME,3,2,1,0,0,0,0,0,772.0,229.0,0.0,3.0,2.0,0.0,0.0,0.0,0.0,0.0,0.0,0.0,0.0,0.0,0.0,1012.1704246316327
SANTA LIBRADA SECTOR LA PEÑA-USME,3,0,1,0,0,2,0,0,1430.0,442.0,1.0,8.0,0.0,0.0,1.0,2.0,2.0,0.0,0.0,0.0,0.0,0.0,0.0,1291.5776777334136
SANTA LIBRADA SECTOR SAN FRANCISCO-USME,1,0,0,0,1,0,0,0,277.0,81.0,0.0,0.0,0.0,0.0,0.0,0.0,0.0,0.0,0.0,0.0,0.0,0.0,0.0,1115.3648801045701
SANTA LIBRADA-USME,164,18,29,21,24,19,29,24,4090.0,1374.0,7.0,174.0,19.0,0.0,9.0,2.0,1.0,0.0,0.0,0.0,1.0,3.0,0.0,1162.9113383642268
SANTA LUCIA-BOSA,4,2,0,1,0,1,0,0,878.0,308.0,5.0,13.0,5.0,0.0,4.0,0.0,2.0,0.0,1.0,4.0,0.0,1.0,0.0,618.9783527692055
SANTA LUCIA-RAFAEL URIBE,177,9,30,22,37,29,20,30,8964.0,2765.0,64.0,343.0,169.0,0.0,7.0,2.0,1.0,0.0,0.0,2.0,0.0,4.0,0.0,617.1466435994663
SANTA MARGARITA-SUBA,9,0,0,1,2,2,3,1,1890.0,963.0,1.0,17.0,159.0,0.0,2.0,0.0,8.0,0.0,0.0,22.0,1.0,0.0,0.0,620.0661593156865
SANTA MARIA DEL LAGO-ENGATIVÁ,157,10,27,20,25,25,28,22,1553.0,586.0,15.0,26.0,41.0,0.0,5.0,1.0,2.0,0.0,0.0,12.0,0.0,1.0,1.0,382.93239766125333
SANTA MARIA-KENNEDY,2,0,1,1,0,0,0,0,277.0,89.0,0.0,1.0,1.0,0.0,2.0,0.0,0.0,0.0,0.0,0.0,0.0,0.0,0.0,773.6050541165748
SANTA MARIA-USAQUÉN,1,0,1,0,0,0,0,0,459.0,181.0,0.0,1.0,1.0,0.0,0.0,0.0,0.0,0.0,0.0,0.0,0.0,0.0,0.0,441.8434770275614
SANTA MARTA II SECTOR-USME,9,0,1,3,2,1,1,1,355.0,122.0,0.0,6.0,7.0,0.0,0.0,1.0,0.0,0.0,0.0,0.0,0.0,0.0,0.0,755.0059848868602
SANTA MARTA-BOSA,10,1,2,1,2,0,1,3,10.0,6.0,0.0,0.0,0.0,0.0,2.0,0.0,1.0,0.0,0.0,0.0,0.0,1.0,0.0,958.3499296088854
SANTA MARTHA-USME,23,2,3,4,3,3,3,5,3154.0,975.0,0.0,43.0,11.0,0.0,5.0,0.0,0.0,0.0,0.0,2.0,0.0,1.0,0.0,938.8414216759636
SANTA MATILDE II SECTOR-PUENTE ARANDA,9,3,0,1,1,1,0,3,4893.0,1517.0,4.0,75.0,13.0,0.0,6.0,1.0,3.0,0.0,0.0,5.0,0.0,3.0,1.0,330.02138111754306
SANTA MATILDE-PUENTE ARANDA,90,8,18,14,13,13,11,13,3686.0,1284.0,3.0,6.0,2.0,0.0,6.0,0.0,3.0,0.0,0.0,14.0,1.0,4.0,0.0,186.77378850301633
SANTA MONICA-ENGATIVÁ,35,2,4,4,2,7,8,8,3825.0,1423.0,0.0,13.0,1.0,0.0,0.0,0.0,3.0,0.0,0.0,0.0,1.0,0.0,0.0,992.0548800149691
SANTA MONICA-USAQUÉN,8,2,0,4,0,1,1,0,2328.0,746.0,1.0,15.0,12.0,0.0,2.0,0.0,6.0,0.0,0.0,1.0,0.0,0.0,0.0,377.5192742456216
SANTA PAZ - SANTA ELVIRA-KENNEDY,3,0,1,0,0,0,1,1,0.0,0.0,0.0,0.0,0.0,0.0,0.0,0.0,0.0,0.0,0.0,0.0,0.0,0.0,0.0,1154.1437231699626
SANTA RITA III SECTOR-PUENTE ARANDA,11,0,1,2,3,1,2,2,2301.0,792.0,2.0,19.0,4.0,0.0,0.0,0.0,1.0,0.0,0.0,0.0,0.0,2.0,0.0,1058.296676038475
SANTA RITA SUR ORIENTAL-SAN CRISTÓBAL,20,1,2,2,2,2,4,7,6286.0,1783.0,1.0,37.0,7.0,0.0,5.0,16.0,3.0,0.0,0.0,1.0,0.0,1.0,0.0,637.021480119309
SANTA RITA-SUBA,75,14,9,9,7,13,13,10,762.0,250.0,0.0,6.0,8.0,0.0,1.0,0.0,0.0,0.0,0.0,2.0,0.0,0.0,0.0,946.1347963025954
SANTA ROSA DE LIMA-SANTA FE,3,0,0,0,0,0,1,2,1621.0,530.0,0.0,4.0,3.0,0.0,0.0,0.0,0.0,0.0,0.0,0.0,0.0,0.0,0.0,297.3942292728123
SANTA ROSA-ENGATIVÁ,121,11,19,10,19,19,24,19,3678.0,1498.0,0.0,87.0,1.0,0.0,0.0,0.0,2.0,0.0,0.0,0.0,0.0,0.0,0.0,1333.457272870684
SANTA ROSA-SUBA,76,6,11,14,11,11,7,16,4212.0,1662.0,0.0,4.0,0.0,6.0,0.0,0.0,1.0,0.0,0.0,0.0,0.0,0.0,0.0,1238.2662476535863
SANTA ROSITA-ENGATIVÁ,80,6,11,15,7,10,13,18,10775.0,3686.0,15.0,253.0,70.0,0.0,13.0,5.0,2.0,0.0,0.0,15.0,0.0,5.0,0.0,428.51989964578325
SANTA SOFIA SUR-RAFAEL URIBE,7,0,1,1,0,2,0,3,1096.0,364.0,0.0,1.0,0.0,0.0,0.0,1.0,1.0,0.0,0.0,0.0,0.0,0.0,0.0,575.7389926735257
SANTA SOFIA-BARRIOS UNIDOS,74,5,7,5,14,13,17,13,1834.0,698.0,101.0,136.0,124.0,0.0,4.0,1.0,1.0,0.0,1.0,4.0,0.0,1.0,0.0,701.9974157763461
SANTA TERESA-USAQUÉN,71,4,8,7,9,15,14,14,9341.0,3535.0,11.0,45.0,40.0,0.0,5.0,10.0,4.0,0.0,0.0,3.0,1.0,5.0,0.0,870.9335795905426
SANTA TERESITA-TEUSAQUILLO,66,3,16,5,8,8,13,13,3055.0,1799.0,6.0,73.0,42.0,0.0,40.0,6.0,0.0,0.0,0.0,1.0,1.0,0.0,0.0,469.5795150647388
SANTA VIVIANA SECTOR VISTA HERMOSA-CIUDAD BOLÍVAR,2,0,1,1,0,0,0,0,529.0,158.0,0.0,8.0,1.0,0.0,3.0,47.0,0.0,0.0,0.0,1.0,0.0,0.0,0.0,881.501793558947
SANTA VIVIANA-CIUDAD BOLÍVAR,30,4,7,8,5,1,3,2,6233.0,1542.0,2.0,46.0,26.0,0.0,7.0,14.0,1.0,0.0,0.0,3.0,1.0,1.0,0.0,605.9582759795444
SANTANDER-ANTONIO NARIÑO,110,9,20,14,9,25,17,16,3469.0,1150.0,106.0,112.0,64.0,0.0,8.0,4.0,1.0,0.0,0.0,11.0,0.0,5.0,0.0,883.3594952399869
SANTANDER-FONTIBÓN,15,3,1,2,2,2,5,0,2292.0,781.0,14.0,82.0,88.0,0.0,4.0,3.0,0.0,0.0,1.0,4.0,0.0,2.0,0.0,810.5058703934459
SANTIAGO DE LAS ATALAYAS-BOSA,41,4,10,6,5,2,6,8,8131.0,2287.0,1.0,105.0,41.0,1.0,2.0,0.0,1.0,0.0,0.0,0.0,1.0,0.0,0.0,553.4590504784842
SANTIAGO PEREZ-RAFAEL URIBE,28,0,3,2,3,8,3,9,1926.0,642.0,54.0,78.0,38.0,0.0,4.0,1.0,2.0,0.0,0.0,3.0,0.0,0.0,0.0,455.9856400810631
SANTO DOMINGO-CIUDAD BOLÍVAR,20,1,1,5,4,1,6,2,2742.0,817.0,1.0,22.0,11.0,0.0,0.0,9.0,1.0,0.0,0.0,3.0,0.0,0.0,1.0,307.78167051765064
SANTO DOMINGO-ENGATIVÁ,6,0,3,0,1,1,1,0,316.0,113.0,0.0,3.0,0.0,0.0,0.0,0.0,0.0,0.0,0.0,0.0,0.0,0.0,0.0,1120.1610962714053
SATURNO-FONTIBÓN,9,0,2,2,2,1,0,2,752.0,249.0,1.0,5.0,5.0,0.0,0.0,0.0,1.0,0.0,0.0,0.0,0.0,0.0,0.0,700.4706271021613
SAUCES II-BOSA,5,0,1,1,1,1,1,0,463.0,102.0,0.0,0.0,0.0,0.0,0.0,0.0,0.0,0.0,0.0,2.0,0.0,0.0,0.0,539.6594291752057
SELVA DORADA-FONTIBÓN,4,0,1,2,0,0,1,0,1157.0,384.0,12.0,17.0,25.0,0.0,0.0,2.0,1.0,0.0,0.0,0.0,0.0,0.0,0.0,1380.113625840487
SEMINARIO-CHAPINERO,5,1,0,0,1,1,0,2,7.0,4.0,0.0,0.0,0.0,0.0,0.0,0.0,0.0,0.0,0.0,0.0,0.0,0.0,0.0,1096.7198790563166
SENA-ANTONIO NARIÑO,46,6,3,8,6,9,8,6,0.0,0.0,0.0,0.0,2.0,0.0,0.0,0.0,0.0,0.0,0.0,0.0,0.0,0.0,0.0,417.5564021559025
SENDEROS DE CASTILLA-KENNEDY,8,3,1,0,1,0,1,2,587.0,254.0,0.0,2.0,2.0,0.0,0.0,0.0,0.0,0.0,0.0,0.0,0.0,0.0,0.0,736.2539339114701
SENDEROS DE SUBA-SUBA,3,0,1,1,1,0,0,0,0.0,0.0,0.0,0.0,0.0,0.0,0.0,0.0,0.0,0.0,0.0,0.0,0.0,0.0,0.0,106.50580014913974
SERRANIAS-USME,15,1,4,4,1,1,3,1,1917.0,573.0,0.0,1.0,2.0,0.0,2.0,0.0,5.0,0.0,0.0,0.0,0.0,2.0,0.0,498.6023976014172
SEVILLA-ANTONIO NARIÑO,50,3,6,10,10,7,3,11,1503.0,540.0,11.0,10.0,6.0,0.0,0.0,0.0,0.0,0.0,0.0,0.0,0.0,0.0,0.0,644.72201600245
SIBERIA CENTRAL-CHAPINERO,35,0,8,6,7,6,5,3,280.0,73.0,0.0,0.0,0.0,0.0,0.0,0.0,0.0,0.0,0.0,0.0,0.0,0.0,0.0,1359.8010029331585
SIDEL - TERRAZAS DE ORIENTE-SAN CRISTÓBAL,1,0,0,1,0,0,0,0,238.0,87.0,0.0,0.0,0.0,0.0,0.0,0.0,0.0,0.0,0.0,0.0,0.0,0.0,0.0,199.7946611715974
SIERRA MORENA-CIUDAD BOLÍVAR,131,10,22,15,25,19,20,20,12319.0,3479.0,3.0,129.0,53.0,0.0,15.0,24.0,18.0,0.0,1.0,6.0,1.0,5.0,0.0,1211.339430111204
SIERRA MORENA-USME,4,1,0,1,0,1,1,0,1185.0,350.0,2.0,7.0,0.0,0.0,0.0,29.0,1.0,0.0,0.0,3.0,0.0,0.0,0.0,1132.9441884659125
SIERRAS DEL CHICO-CHAPINERO,1,1,0,0,0,0,0,0,0.0,0.0,0.0,0.0,0.0,1.0,0.0,0.0,1.0,0.0,0.0,0.0,0.0,0.0,0.0,1241.1896721440546
SIETE DE AGOSTO-BARRIOS UNIDOS,318,18,58,29,58,53,51,51,2495.0,1087.0,41.0,831.0,287.0,0.0,1.0,3.0,0.0,0.0,0.0,6.0,0.0,0.0,0.0,572.8664718639819
SIMON BOLIVAR-BARRIOS UNIDOS,86,13,14,10,16,8,17,8,5977.0,2227.0,15.0,134.0,101.0,0.0,1.0,6.0,2.0,0.0,1.0,1.0,2.0,2.0,0.0,1102.6203367406238
SOCORRO III SECTOR-RAFAEL URIBE,10,0,0,3,2,0,3,2,32.0,11.0,0.0,0.0,0.0,0.0,0.0,0.0,0.0,0.0,0.0,0.0,0.0,0.0,0.0,385.4449744704882
SORATAMA-USAQUÉN,11,1,1,4,2,1,1,1,3905.0,1101.0,1.0,28.0,9.0,0.0,2.0,7.0,0.0,0.0,0.0,6.0,0.0,1.0,0.0,866.6181187222559
SOSIEGO SUR-RAFAEL URIBE,97,10,19,11,16,11,11,19,489.0,160.0,0.0,15.0,0.0,0.0,0.0,0.0,0.0,0.0,0.0,0.0,0.0,0.0,0.0,941.7282262735447
SOTAVENTO II SECTOR-CIUDAD BOLÍVAR,1,0,0,1,0,0,0,0,500.0,169.0,0.0,0.0,0.0,0.0,0.0,0.0,0.0,0.0,0.0,0.0,0.0,0.0,0.0,984.7013377769572
SOTAVENTO-CIUDAD BOLÍVAR,28,4,5,8,4,3,1,3,0.0,0.0,0.0,0.0,0.0,0.0,1.0,0.0,1.0,0.0,0.0,0.0,0.0,1.0,0.0,830.5037699890338
SOTILEZA-SUBA,24,0,6,2,0,8,3,5,0.0,0.0,0.0,0.0,0.0,0.0,0.0,0.0,0.0,0.0,0.0,0.0,0.0,0.0,0.0,915.145587350486
SUBA LINDA-SUBA,73,5,13,7,10,18,11,9,1494.0,567.0,0.0,5.0,5.0,0.0,0.0,1.0,0.0,0.0,0.0,0.0,0.0,0.0,0.0,1118.4468543021082
SUBA URBANO-SUBA,208,14,28,22,33,32,40,39,1333.0,503.0,0.0,79.0,14.0,0.0,9.0,4.0,2.0,0.0,0.0,1.0,0.0,7.0,0.0,849.2832997318811
SUBATA-SUBA,15,2,2,3,3,2,1,2,0.0,0.0,0.0,0.0,0.0,0.0,0.0,0.0,0.0,0.0,0.0,0.0,0.0,0.0,0.0,1623.5371149394712
SUCRE-CHAPINERO,128,11,25,21,21,20,7,23,4685.0,3254.0,6.0,254.0,128.0,0.0,10.0,1.0,6.0,0.0,0.0,11.0,0.0,0.0,0.0,886.7016352530843
SUMAPAZ-KENNEDY,3,1,0,0,2,0,0,0,2203.0,718.0,11.0,13.0,26.0,0.0,3.0,2.0,0.0,0.0,0.0,2.0,0.0,2.0,0.0,1220.1849190346795
SURAMERICA-SAN CRISTÓBAL,22,1,2,3,4,1,4,7,2002.0,442.0,2.0,177.0,4.0,0.0,3.0,2.0,0.0,0.0,0.0,0.0,1.0,1.0,0.0,608.3712859057556
TABERIN-SUBA,2,0,0,0,0,0,1,1,3281.0,983.0,2.0,0.0,1.0,0.0,1.0,24.0,0.0,0.0,0.0,8.0,0.0,0.0,0.0,762.0486850080421
TABOR ALTALOMA-CIUDAD BOLÍVAR,1,0,0,0,0,0,1,0,1133.0,330.0,0.0,0.0,0.0,0.0,0.0,13.0,0.0,0.0,0.0,0.0,0.0,0.0,0.0,978.2140838716285
TABORA-ENGATIVÁ,166,14,33,14,25,28,31,21,10546.0,3766.0,5.0,179.0,205.0,0.0,24.0,2.0,7.0,0.0,0.0,2.0,0.0,2.0,0.0,308.9612595242492
TALAVERA-KENNEDY,8,0,0,3,1,2,0,2,1150.0,368.0,6.0,26.0,10.0,0.0,0.0,0.0,2.0,0.0,0.0,0.0,0.0,1.0,0.0,729.4561069656318
TAYRONA-KENNEDY,1,0,0,0,0,0,0,1,2072.0,650.0,1.0,30.0,1.0,0.0,4.0,3.0,0.0,0.0,0.0,0.0,1.0,4.0,0.0,381.4658975624501
TECHO-KENNEDY,98,14,15,9,13,11,18,18,6161.0,2608.0,2.0,95.0,40.0,0.0,9.0,0.0,1.0,0.0,0.0,0.0,0.0,1.0,1.0,93.9962247198051
TEJAR-PUENTE ARANDA,83,6,15,10,17,12,11,12,2711.0,881.0,1.0,13.0,2.0,0.0,5.0,0.0,0.0,0.0,0.0,3.0,0.0,2.0,0.0,407.9753164781093
TEJARES DEL NORTE-SUBA,16,3,2,2,2,0,5,2,1419.0,509.0,0.0,11.0,4.0,0.0,0.0,0.0,0.0,0.0,0.0,0.0,0.0,0.0,0.0,724.6669478122063
TELECOM ARRAYANES-SUBA,4,0,0,1,1,0,1,1,4378.0,1180.0,4.0,22.0,6.0,0.0,0.0,3.0,0.0,0.0,0.0,3.0,0.0,0.0,0.0,709.4632394707683
TENERIFE II SECTOR-USME,1,0,0,0,0,0,0,1,1272.0,418.0,6.0,14.0,25.0,0.0,3.0,0.0,5.0,0.0,0.0,1.0,0.0,0.0,0.0,1037.8762205561477
TENERIFE-USME,13,1,2,2,3,3,1,1,3292.0,1042.0,5.0,52.0,4.0,0.0,1.0,4.0,1.0,0.0,0.0,4.0,0.0,2.0,0.0,841.540994424449
TEQUENDAMA-USME,3,0,1,1,1,0,0,0,920.0,311.0,1.0,9.0,0.0,0.0,1.0,0.0,1.0,0.0,0.0,2.0,0.0,0.0,0.0,407.10535263343417
TERRAZAS DE SAN ANGEL-USAQUÉN,2,0,0,0,2,0,0,0,435.0,133.0,0.0,13.0,0.0,0.0,0.0,0.0,0.0,0.0,0.0,0.0,0.0,0.0,0.0,184.6837107847105
TERRAZAS DE SAN JORGE-RAFAEL URIBE,4,0,0,0,0,0,3,1,827.0,216.0,0.0,0.0,0.0,0.0,0.0,1.0,0.0,0.0,0.0,4.0,0.0,0.0,0.0,721.4827443854101
TEUSA-SUBA,6,2,1,0,0,1,1,1,825.0,257.0,1.0,13.0,2.0,0.0,1.0,0.0,1.0,0.0,0.0,0.0,0.0,1.0,0.0,536.9763276334756
TEUSAQUILLO DE SUBA-SUBA,17,1,3,2,2,5,3,1,664.0,216.0,0.0,1.0,0.0,0.0,0.0,0.0,0.0,0.0,0.0,0.0,0.0,0.0,0.0,896.1803680803562
TEUSAQUILLO-TEUSAQUILLO,2075,213,311,223,294,294,342,398,2632.0,1280.0,10.0,179.0,194.0,0.0,64.0,5.0,1.0,0.0,1.0,7.0,0.0,3.0,1.0,118.96406653014316
TIBABITA-USAQUÉN,82,8,10,7,9,15,21,12,2633.0,983.0,1.0,55.0,13.0,0.0,2.0,1.0,0.0,0.0,0.0,1.0,0.0,1.0,0.0,813.6104038635057
TIBABUYES I SECTOR-SUBA,17,2,3,2,3,2,4,1,3981.0,1452.0,12.0,72.0,32.0,0.0,6.0,0.0,0.0,0.0,0.0,1.0,0.0,2.0,0.0,871.1985589077672
TIBABUYES-SUBA,199,15,24,29,21,38,37,35,14.0,5.0,0.0,0.0,0.0,0.0,0.0,0.0,0.0,0.0,0.0,0.0,0.0,0.0,0.0,1260.8015480761646
TIBANA-PUENTE ARANDA,50,3,5,7,10,11,8,6,3100.0,1158.0,2.0,40.0,39.0,0.0,1.0,0.0,3.0,0.0,0.0,2.0,0.0,0.0,0.0,925.5744104928535
TIHUAQUE-USME,12,3,5,0,1,1,0,2,0.0,2.0,0.0,0.0,0.0,0.0,0.0,0.0,1.0,0.0,0.0,0.0,0.0,0.0,0.0,2042.602864002386
TIMIZA-KENNEDY,226,29,31,27,29,40,44,26,14282.0,4817.0,6.0,59.0,31.0,1.0,13.0,2.0,6.0,0.0,0.0,5.0,1.0,6.0,0.0,641.0537245001053
TINTALA-KENNEDY,204,19,36,27,22,19,38,43,19214.0,7233.0,0.0,28.0,38.0,1.0,0.0,7.0,5.0,0.0,0.0,3.0,0.0,0.0,0.0,594.2969917236809
TINTALITO II-KENNEDY,4,1,0,0,1,0,1,1,1693.0,485.0,7.0,27.0,6.0,0.0,1.0,3.0,0.0,0.0,0.0,0.0,0.0,0.0,0.0,461.80975839694185
TINTALITO-KENNEDY,51,4,7,9,8,7,7,9,2809.0,889.0,1.0,51.0,19.0,0.0,4.0,3.0,0.0,0.0,0.0,0.0,0.0,1.0,0.0,423.3406427793808
TISQUESUSA-ENGATIVÁ,4,0,1,0,2,0,0,1,2343.0,772.0,1.0,4.0,26.0,0.0,3.0,0.0,3.0,0.0,0.0,0.0,0.0,0.0,0.0,858.7540217325013
TOBERIN ORIENTAL-USAQUÉN,459,28,73,52,89,77,67,73,1339.0,356.0,10.0,12.0,10.0,0.0,0.0,1.0,0.0,0.0,0.0,0.0,0.0,0.0,0.0,283.499280100705
TOCAIMITA ORIENTAL-USME,1,0,0,0,0,0,0,1,1085.0,343.0,0.0,0.0,1.0,0.0,0.0,1.0,1.0,0.0,0.0,0.0,0.0,0.0,0.0,1445.4017630850974
TOCAIMITA SUR-USME,2,0,0,0,2,0,0,0,0.0,0.0,0.0,0.0,0.0,0.0,0.0,0.0,0.0,0.0,0.0,0.0,0.0,0.0,0.0,1508.883719379446
TOCAREMA-KENNEDY,18,2,4,1,3,3,4,1,1298.0,417.0,1.0,6.0,13.0,0.0,2.0,2.0,1.0,0.0,0.0,0.0,0.0,1.0,0.0,555.3424287670432
TORCA-USAQUÉN,24,6,1,3,3,2,4,5,595.0,257.0,2.0,15.0,19.0,1.0,1.0,1.0,0.0,0.0,0.0,0.0,0.0,2.0,0.0,4471.99786299452
TORCOROMA-USAQUÉN,1,0,0,0,0,0,0,1,878.0,278.0,0.0,31.0,18.0,0.0,2.0,0.0,1.0,0.0,0.0,2.0,0.0,0.0,0.0,952.829613912816
TORREMOLINOS-PUENTE ARANDA,21,1,5,4,2,3,5,1,4692.0,1401.0,2.0,21.0,12.0,0.0,2.0,0.0,4.0,0.0,0.0,3.0,0.0,0.0,0.0,657.838110789729
TUNA ALTA SECTOR EL ROSAL-SUBA,1,0,0,0,0,0,1,0,1717.0,570.0,0.0,2.0,4.0,0.0,0.0,21.0,0.0,0.0,0.0,6.0,0.0,0.0,0.0,404.4802500165643
TUNA ALTA-SUBA,31,3,8,6,2,4,4,4,696.0,298.0,1.0,21.0,5.0,0.0,2.0,2.0,0.0,0.0,0.0,0.0,0.0,1.0,0.0,740.8123794095868
TUNA BAJA III SECTOR-SUBA,3,0,1,1,1,0,0,0,6480.0,2574.0,6.0,42.0,22.0,0.0,3.0,20.0,0.0,0.0,0.0,5.0,1.0,1.0,0.0,719.1142164462755
TUNA BAJA-SUBA,49,6,5,3,12,7,4,12,935.0,296.0,1.0,3.0,4.0,0.0,1.0,2.0,0.0,0.0,0.0,0.0,0.0,0.0,0.0,852.4920609928163
TUNALITO-TUNJUELITO,90,7,21,6,16,17,9,14,108.0,19.0,0.0,0.0,0.0,0.0,0.0,0.0,0.0,0.0,0.0,0.0,0.0,0.0,0.0,425.4325166097054
TUNDAMA-KENNEDY,4,0,0,0,2,0,1,1,1425.0,443.0,0.0,1.0,2.0,0.0,1.0,0.0,1.0,0.0,0.0,0.0,0.0,0.0,0.0,673.1353736960444
TUNJUELITO-TUNJUELITO,392,36,56,59,54,62,63,62,9984.0,3161.0,14.0,33.0,16.0,0.0,4.0,0.0,1.0,0.0,0.0,3.0,0.0,3.0,0.0,678.9494176759089
TURINGIA II-SUBA,1,0,0,1,0,0,0,0,677.0,233.0,2.0,30.0,8.0,1.0,0.0,1.0,1.0,0.0,0.0,1.0,0.0,1.0,0.0,1100.2309380104432
TURINGIA-SUBA,38,2,8,3,8,6,6,5,781.0,283.0,0.0,53.0,44.0,0.0,1.0,2.0,1.0,0.0,0.0,5.0,0.0,0.0,0.0,1158.2062315500582
URB. FUCHA-RAFAEL URIBE,5,0,2,1,0,0,0,2,2600.0,938.0,5.0,23.0,15.0,0.0,5.0,2.0,1.0,0.0,0.0,1.0,0.0,6.0,0.0,609.6811861640101
URB. TIBABITA 188-USAQUÉN,1,0,0,0,0,0,0,1,0.0,0.0,0.0,0.0,0.0,0.0,0.0,0.0,0.0,0.0,0.0,0.0,0.0,0.0,0.0,566.967412002438
URIBIA-SUBA,2,0,0,0,1,0,0,1,0.0,0.0,0.0,0.0,0.0,0.0,0.0,0.0,0.0,0.0,0.0,0.0,0.0,0.0,0.0,1618.9718277859229
USAQUEN-USAQUÉN,1493,130,221,182,267,234,196,263,542.0,277.0,0.0,96.0,86.0,8.0,3.0,0.0,1.0,0.0,0.0,4.0,0.0,1.0,0.0,187.40078273580556
USATAMA-LOS MÁRTIRES,63,3,9,2,15,13,4,17,3524.0,1392.0,2.0,25.0,2.0,1.0,1.0,0.0,0.0,0.0,0.0,0.0,0.0,0.0,0.0,650.2045202700035
VALENCIA LA CHUCUA-KENNEDY,1,0,0,0,0,0,1,0,641.0,141.0,0.0,8.0,1.0,0.0,1.0,0.0,0.0,0.0,0.0,0.0,0.0,0.0,0.0,731.1808902747188
VALLADOLID-KENNEDY,97,8,15,7,22,18,10,17,7883.0,2635.0,61.0,116.0,92.0,2.0,5.0,5.0,3.0,1.0,0.0,9.0,1.0,2.0,0.0,734.6245637221416
VALPARAISO-SAN CRISTÓBAL,1,0,0,0,0,0,1,0,1806.0,572.0,2.0,25.0,7.0,0.0,3.0,52.0,0.0,0.0,0.0,3.0,1.0,0.0,0.0,797.0763875382052
VASCONIA II-KENNEDY,1,0,0,0,0,0,0,1,0.0,0.0,0.0,0.0,0.0,0.0,0.0,0.0,0.0,0.0,0.0,0.0,0.0,0.0,0.0,767.9964628321742
VEGAS DE SANTA ANA-KENNEDY,8,0,1,3,2,0,0,2,1289.0,288.0,0.0,16.0,11.0,0.0,0.0,2.0,0.0,0.0,0.0,0.0,0.0,0.0,0.0,758.4563832344265
VEGAS DE SANTANA-BOSA,3,1,0,1,0,1,0,0,663.0,148.0,3.0,4.0,1.0,0.0,0.0,0.0,0.0,0.0,0.0,0.0,0.0,0.0,0.0,574.8458121693171
VELODROMO-SAN CRISTÓBAL,31,2,9,5,4,2,5,4,1424.0,491.0,8.0,17.0,12.0,0.0,0.0,1.0,4.0,0.0,0.0,0.0,0.0,1.0,0.0,600.152997546348
VENECIA-TUNJUELITO,636,63,116,86,85,82,110,94,11221.0,4015.0,32.0,730.0,238.0,1.0,12.0,2.0,4.0,0.0,0.0,17.0,1.0,10.0,0.0,272.138204012036
VERACRUZ-ENGATIVÁ,9,1,4,1,0,1,0,2,1086.0,168.0,4.0,10.0,14.0,0.0,1.0,4.0,0.0,0.0,0.0,0.0,0.0,1.0,0.0,626.5175877863622
VERACRUZ-FONTIBÓN,5,0,0,2,0,3,0,0,773.0,210.0,5.0,31.0,15.0,0.0,0.0,0.0,0.0,0.0,0.0,1.0,0.0,2.0,0.0,806.2177863516109
VERACRUZ-SANTA FE,379,36,63,48,52,56,52,72,2943.0,2277.0,0.0,579.0,564.0,0.0,22.0,1.0,2.0,0.0,0.0,9.0,2.0,1.0,0.0,354.3327210425638
VERAGUAS-LOS MÁRTIRES,114,10,23,12,16,18,16,19,3334.0,1093.0,9.0,88.0,52.0,1.0,1.0,2.0,2.0,0.0,0.0,8.0,0.0,1.0,0.0,630.8661347522063
VERBENAL II SECTOR-USAQUÉN,13,1,3,0,1,1,4,3,281.0,91.0,0.0,6.0,1.0,0.0,0.0,0.0,0.0,0.0,0.0,1.0,0.0,0.0,0.0,368.63407150896575
VEREDA MONSERRATE-SANTA FE,6,3,1,0,0,0,1,1,92.0,27.0,0.0,0.0,6.0,0.0,3.0,0.0,3.0,0.0,0.0,0.0,0.0,0.0,1.0,1788.453919860631
VEREDA SUBA CERROS-SUBA,2,0,0,1,0,1,0,0,110.0,38.0,0.0,0.0,0.0,0.0,0.0,0.0,0.0,0.0,0.0,0.0,0.0,0.0,0.0,1377.0926574615562
VEREDA SUBA NARANJOS-SUBA,2,0,0,0,0,0,1,1,22.0,10.0,0.0,0.0,0.0,2.0,0.0,1.0,2.0,1.0,0.0,0.0,0.0,0.0,0.0,1038.5419066539916
VERONA-CIUDAD BOLÍVAR,46,5,4,7,10,6,8,6,605.0,192.0,0.0,0.0,1.0,0.0,3.0,0.0,0.0,0.0,0.0,0.0,0.0,0.0,0.0,1022.1135130624585
VERONA-SUBA,4,0,0,0,2,1,1,0,549.0,175.0,3.0,3.0,0.0,0.0,0.0,1.0,1.0,0.0,0.0,0.0,0.0,0.0,0.0,1245.747488309945
VIANEY-USME,1,0,0,0,0,0,0,1,641.0,233.0,1.0,4.0,5.0,0.0,4.0,4.0,1.0,0.0,0.0,0.0,0.0,3.0,0.0,556.5437117265261
VILLA ADRIANA-KENNEDY,10,0,0,1,2,2,2,3,1238.0,417.0,1.0,6.0,3.0,0.0,0.0,1.0,2.0,1.0,0.0,0.0,0.0,2.0,0.0,394.53603758907565
VILLA ALBANIA-SAN CRISTÓBAL,4,1,1,0,2,0,0,0,292.0,97.0,0.0,0.0,0.0,0.0,0.0,0.0,0.0,0.0,0.0,0.0,0.0,0.0,0.0,580.995519954379
VILLA ALEGRIA-BOSA,1,0,0,0,0,1,0,0,708.0,150.0,4.0,12.0,2.0,0.0,0.0,3.0,0.0,0.0,0.0,1.0,0.0,0.0,0.0,722.3489867491419
VILLA ALEJANDRIA-USME,1,0,1,0,0,0,0,0,223.0,68.0,0.0,0.0,0.0,0.0,0.0,0.0,1.0,0.0,1.0,0.0,0.0,0.0,0.0,878.3276512317518
VILLA ALEMANIA-USME,10,1,4,0,1,2,0,2,765.0,248.0,1.0,5.0,1.0,0.0,0.0,9.0,1.0,0.0,0.0,2.0,0.0,1.0,0.0,198.63626987300827
VILLA ALEXANDRA-KENNEDY,1,0,0,0,1,0,0,0,2472.0,733.0,6.0,20.0,9.0,0.0,3.0,6.0,0.0,0.0,0.0,2.0,1.0,0.0,0.0,2038.0666395699043
VILLA ALSACIA-KENNEDY,273,25,56,36,39,36,38,43,4839.0,1562.0,8.0,54.0,35.0,0.0,8.0,4.0,7.0,0.0,0.0,3.0,0.0,5.0,0.0,633.3218879723775
VILLA AMALIA-ENGATIVÁ,50,2,8,4,5,8,8,15,4819.0,1620.0,9.0,120.0,71.0,0.0,7.0,1.0,3.0,0.0,0.0,4.0,0.0,2.0,0.0,726.6685451616928
VILLA ANITA USME-USME,4,0,1,1,1,0,1,0,0.0,0.0,0.0,0.0,0.0,0.0,0.0,0.0,0.0,0.0,0.0,0.0,0.0,0.0,0.0,238.6352328714552
VILLA ANITA-KENNEDY,8,2,0,1,1,3,1,0,2278.0,732.0,2.0,42.0,14.0,0.0,1.0,1.0,2.0,0.0,0.0,3.0,0.0,0.0,0.0,292.25037222244146
VILLA AURORA-SAN CRISTÓBAL,1,1,0,0,0,0,0,0,0.0,0.0,0.0,0.0,0.0,0.0,0.0,0.0,0.0,0.0,0.0,0.0,0.0,0.0,0.0,426.08184302333825
VILLA BEGONIA-SAN CRISTÓBAL,1,0,0,0,1,0,0,0,225.0,67.0,0.0,6.0,0.0,0.0,0.0,1.0,0.0,0.0,0.0,0.0,0.0,1.0,0.0,323.14986974077436
VILLA CARMENZA-FONTIBÓN,36,5,3,3,3,13,3,6,107.0,34.0,3.0,2.0,8.0,0.0,0.0,0.0,0.0,0.0,0.0,0.0,0.0,0.0,0.0,263.3855456979249
VILLA CAROLINA-BOSA,1,0,0,0,0,0,1,0,632.0,170.0,0.0,9.0,9.0,0.0,0.0,0.0,0.0,0.0,0.0,0.0,0.0,0.0,0.0,637.1377595366262
VILLA CATALINA III SECTOR-SUBA,3,0,1,0,0,0,1,1,702.0,249.0,1.0,13.0,3.0,0.0,2.0,0.0,0.0,0.0,0.0,0.0,0.0,0.0,0.0,1066.8362360232984
VILLA CINDY-SUBA,12,2,1,2,2,1,2,2,7141.0,2661.0,21.0,61.0,74.0,0.0,3.0,53.0,1.0,0.0,0.0,33.0,0.0,0.0,0.0,2356.4937181940873
VILLA CLAUDIA-KENNEDY,76,6,6,11,18,13,12,10,937.0,307.0,0.0,11.0,1.0,0.0,2.0,0.0,2.0,0.0,0.0,0.0,0.0,2.0,0.0,797.3643557884245
VILLA CLEMENCIA-BOSA,10,1,2,2,0,1,3,1,1167.0,358.0,0.0,3.0,3.0,0.0,0.0,3.0,0.0,0.0,0.0,0.0,1.0,0.0,0.0,908.1844612435525
VILLA COLOMBIA-BOSA,4,0,1,0,1,0,1,1,658.0,183.0,0.0,52.0,0.0,0.0,1.0,0.0,0.0,0.0,0.0,0.0,0.0,0.0,0.0,503.92574125640397
VILLA CONSTANZA-ENGATIVÁ,6,1,2,0,0,1,0,2,1867.0,602.0,5.0,18.0,9.0,0.0,1.0,1.0,0.0,0.0,0.0,0.0,0.0,0.0,0.0,455.04451908101964
VILLA CRISTINA-ENGATIVÁ,6,3,0,1,0,1,1,0,2948.0,826.0,0.0,18.0,4.0,0.0,1.0,1.0,0.0,0.0,0.0,1.0,0.0,2.0,0.0,398.619504931446
VILLA DE LA LOMA-KENNEDY,14,2,1,4,2,1,3,1,4322.0,1237.0,7.0,30.0,9.0,0.0,1.0,2.0,1.0,0.0,0.0,3.0,0.0,0.0,0.0,246.36059146599283
VILLA DE LA TORRE-KENNEDY,4,2,0,1,0,0,0,1,1815.0,572.0,4.0,35.0,11.0,0.0,1.0,0.0,2.0,0.0,0.0,0.0,0.0,0.0,0.0,376.7632308012957
VILLA DE LOS ALPES-SAN CRISTÓBAL,65,7,10,9,9,8,11,11,8378.0,2685.0,2.0,89.0,12.0,0.0,3.0,0.0,3.0,0.0,0.0,2.0,3.0,1.0,0.0,767.7175975184956
VILLA DE LOS COMUNEROS-BOSA,2,0,1,1,0,0,0,0,371.0,130.0,0.0,14.0,0.0,0.0,0.0,0.0,0.0,0.0,0.0,0.0,0.0,0.0,0.0,500.61176254768947
VILLA DE LOS SAUCES-KENNEDY,9,2,2,2,0,1,1,1,4784.0,1513.0,1.0,9.0,9.0,0.0,3.0,2.0,6.0,0.0,1.0,2.0,0.0,1.0,0.0,859.8269722407606
VILLA DEL CAMPO-SUBA,1,0,0,0,0,1,0,0,845.0,262.0,3.0,2.0,4.0,0.0,0.0,1.0,0.0,0.0,0.0,0.0,0.0,0.0,0.0,1165.9628099112324
VILLA DEL CARMEN-USAQUÉN,5,1,2,0,0,1,1,0,0.0,0.0,0.0,0.0,0.0,0.0,0.0,0.0,0.0,0.0,0.0,0.0,0.0,0.0,0.0,992.0313669018075
VILLA DEL PRADO-SUBA,342,12,56,47,47,65,41,74,7538.0,2730.0,27.0,181.0,239.0,4.0,15.0,1.0,3.0,1.0,0.0,6.0,0.0,4.0,0.0,813.1682639615591
VILLA DEL RIO-BOSA,179,12,29,26,25,29,30,28,7756.0,2345.0,5.0,104.0,48.0,0.0,5.0,0.0,3.0,0.0,0.0,4.0,0.0,7.0,1.0,473.63706975421877
VILLA DEL ROSARIO-PUENTE ARANDA,20,2,3,3,3,3,2,4,9403.0,2728.0,9.0,18.0,2.0,1.0,4.0,2.0,6.0,0.0,0.0,9.0,0.0,4.0,0.0,509.35716133723906
VILLA DIANA LOPEZ-CIUDAD BOLÍVAR,2,0,0,0,1,1,0,0,1048.0,333.0,1.0,21.0,5.0,0.0,0.0,0.0,1.0,0.0,0.0,0.0,0.0,0.0,0.0,945.041490234146
VILLA DIANA-USME,4,1,0,1,0,0,2,0,3648.0,1319.0,1.0,21.0,15.0,0.0,0.0,207.0,5.0,0.0,0.0,53.0,0.0,0.0,0.0,1750.6288351712287
VILLA ELISA-SUBA,168,21,28,30,24,21,24,20,4412.0,1529.0,5.0,108.0,7.0,1.0,7.0,0.0,1.0,0.0,0.0,1.0,0.0,4.0,0.0,1032.142535274692
VILLA ELVIRA-KENNEDY,2,0,0,0,0,1,1,0,0.0,0.0,0.0,0.0,0.0,0.0,0.0,2.0,0.0,0.0,0.0,0.0,0.0,0.0,0.0,2149.425237227023
VILLA ESPERANZA-RAFAEL URIBE,1,0,0,0,1,0,0,0,0.0,0.0,0.0,0.0,0.0,0.0,0.0,0.0,0.0,0.0,0.0,0.0,0.0,0.0,0.0,893.1122098667614
VILLA ESPERANZA-SUBA,2,0,0,1,0,0,0,1,436.0,142.0,0.0,0.0,1.0,0.0,0.0,0.0,0.0,0.0,0.0,0.0,0.0,0.0,0.0,1204.2249712586479
VILLA GALANTE-KENNEDY,3,0,0,0,1,0,1,1,3065.0,1036.0,3.0,10.0,1.0,0.0,0.0,1.0,0.0,0.0,0.0,0.0,0.0,0.0,0.0,547.8418105978226
VILLA GLADYS IV SECTOR-ENGATIVÁ,2,1,0,0,0,0,1,0,342.0,69.0,4.0,13.0,15.0,0.0,0.0,1.0,1.0,0.0,0.0,0.0,0.0,0.0,0.0,536.8392097790858
VILLA GLADYS-ENGATIVÁ,34,5,8,1,5,5,6,4,4767.0,1499.0,24.0,94.0,48.0,0.0,2.0,5.0,3.0,0.0,1.0,3.0,0.0,1.0,0.0,486.43843606422496
VILLA GLADYS-RAFAEL URIBE,2,1,0,0,0,1,0,0,1101.0,333.0,0.0,1.0,0.0,0.0,1.0,9.0,0.0,0.0,0.0,0.0,0.0,0.0,0.0,957.5986594295152
VILLA GLORIA I-SUBA,2,0,1,0,0,1,0,0,1973.0,657.0,16.0,24.0,15.0,0.0,3.0,12.0,0.0,0.0,0.0,1.0,0.0,0.0,0.0,1155.3537024306763
VILLA GLORIA LAS MANITAS-CIUDAD BOLÍVAR,8,0,1,0,1,1,2,3,340.0,110.0,0.0,0.0,1.0,0.0,0.0,0.0,0.0,0.0,0.0,0.0,0.0,0.0,0.0,436.6589668574988
VILLA GLORIA-CIUDAD BOLÍVAR,15,0,2,3,4,1,2,3,1782.0,560.0,0.0,6.0,1.0,0.0,1.0,8.0,1.0,0.0,0.0,1.0,0.0,1.0,0.0,720.8242265613711
VILLA HERMOSA-KENNEDY,4,0,0,1,1,1,0,1,4596.0,1398.0,35.0,79.0,17.0,0.0,1.0,18.0,1.0,0.0,0.0,1.0,1.0,0.0,0.0,607.0480451405006
VILLA HERMOSA-SUBA,21,3,3,3,1,5,5,1,493.0,178.0,0.0,0.0,0.0,0.0,0.0,0.0,0.0,0.0,0.0,0.0,0.0,0.0,0.0,1222.8173448531472
VILLA HERMOSA-USME,2,0,0,1,0,0,1,0,4570.0,1515.0,3.0,42.0,16.0,0.0,1.0,12.0,3.0,0.0,0.0,2.0,1.0,1.0,0.0,273.58793715829785
VILLA INES-PUENTE ARANDA,4,1,0,0,0,1,0,2,1679.0,609.0,3.0,0.0,1.0,0.0,0.0,0.0,1.0,0.0,0.0,0.0,0.0,1.0,0.0,644.3524506259229
VILLA ISABEL-USME,4,1,1,0,0,0,1,1,0.0,0.0,0.0,0.0,0.0,0.0,0.0,0.0,0.0,0.0,0.0,0.0,0.0,0.0,0.0,928.3823313117462
VILLA ISRAEL-USME,2,1,0,0,0,0,1,0,340.0,105.0,1.0,0.0,13.0,0.0,0.0,0.0,0.0,0.0,0.0,3.0,0.0,0.0,0.0,212.5942116749607
VILLA JACQUI-CIUDAD BOLÍVAR,1,0,0,0,0,0,1,0,0.0,0.0,0.0,0.0,0.0,0.0,0.0,0.0,0.0,0.0,0.0,0.0,0.0,0.0,0.0,1160.4902986425134
VILLA JAVIER-SAN CRISTÓBAL,25,3,3,1,4,4,8,2,1171.0,388.0,4.0,2.0,2.0,0.0,5.0,1.0,0.0,0.0,0.0,1.0,0.0,1.0,0.0,723.0996969439856
VILLA KAREN-BOSA,1,0,0,1,0,0,0,0,0.0,0.0,0.0,0.0,0.0,0.0,0.0,0.0,0.0,0.0,0.0,0.0,0.0,0.0,0.0,1466.3540584863247
VILLA LILIANA-FONTIBÓN,1,0,0,0,0,0,1,0,1166.0,413.0,4.0,2.0,25.0,0.0,0.0,3.0,1.0,0.0,0.0,0.0,0.0,0.0,0.0,1321.2544266816815
VILLA MAGDALA-USAQUÉN,32,4,3,1,4,7,6,7,2239.0,832.0,7.0,42.0,29.0,1.0,9.0,2.0,2.0,0.0,0.0,1.0,0.0,1.0,0.0,667.819804163044
VILLA MARY-ENGATIVÁ,8,2,2,1,0,0,1,2,1784.0,575.0,12.0,25.0,6.0,0.0,3.0,3.0,0.0,0.0,0.0,0.0,0.0,0.0,1.0,60.22691143593422
VILLA MAYOR-RAFAEL URIBE,77,6,11,9,15,13,12,11,4834.0,1497.0,2.0,34.0,22.0,0.0,2.0,0.0,4.0,0.0,0.0,0.0,0.0,3.0,0.0,630.0876460214026
VILLA MENDOZA-KENNEDY,1,0,0,0,1,0,0,0,1266.0,379.0,0.0,18.0,4.0,0.0,0.0,1.0,0.0,0.0,0.0,0.0,0.0,0.0,0.0,486.9514397505253
VILLA MORALES-RAFAEL URIBE,1,0,0,1,0,0,0,0,912.0,202.0,0.0,1.0,0.0,0.0,0.0,2.0,0.0,0.0,0.0,1.0,0.0,0.0,0.0,881.5735724835698
VILLA NATALIA-BOSA,1,0,0,0,0,0,0,1,0.0,0.0,0.0,0.0,0.0,0.0,0.0,0.0,0.0,0.0,0.0,0.0,0.0,0.0,0.0,586.5101350600601
VILLA NELLY III LOS ALISOS-KENNEDY,8,1,1,0,3,1,2,0,2773.0,901.0,12.0,55.0,43.0,0.0,0.0,4.0,1.0,0.0,0.0,1.0,0.0,0.0,0.0,733.0951138750277
VILLA NELLY-KENNEDY,24,1,6,3,1,3,6,4,2126.0,726.0,11.0,24.0,34.0,0.0,0.0,2.0,0.0,0.0,0.0,1.0,0.0,0.0,0.0,457.5324097893712
VILLA NELLY-USME,10,0,0,3,2,1,2,2,463.0,165.0,0.0,2.0,3.0,0.0,3.0,0.0,0.0,0.0,0.0,0.0,1.0,1.0,0.0,1224.807370050507
VILLA NUEVA-KENNEDY,16,1,3,1,5,0,5,1,2675.0,818.0,6.0,28.0,19.0,1.0,6.0,0.0,1.0,0.0,0.0,0.0,0.0,2.0,0.0,522.6679674041011
VILLA OLGA-SUBA,2,0,1,0,0,0,0,1,574.0,229.0,0.0,12.0,7.0,0.0,0.0,8.0,1.0,0.0,0.0,0.0,0.0,0.0,0.0,204.50890692892216
VILLA RICA-KENNEDY,4,0,2,0,0,0,2,0,4065.0,1189.0,7.0,12.0,25.0,0.0,2.0,2.0,3.0,0.0,1.0,0.0,0.0,1.0,0.0,96.0418774552223
VILLA ROSITA-USME,1,0,0,0,1,0,0,0,1666.0,648.0,2.0,21.0,7.0,0.0,0.0,220.0,3.0,0.0,0.0,10.0,0.0,0.0,0.0,1929.0220866054547
VILLA SAGRARIO-ENGATIVÁ,4,3,0,0,0,1,0,0,1927.0,646.0,1.0,16.0,8.0,0.0,0.0,0.0,0.0,0.0,0.0,1.0,0.0,1.0,0.0,922.1192021893155
VILLA SONIA-PUENTE ARANDA,28,5,3,7,5,4,3,1,1331.0,459.0,3.0,6.0,8.0,0.0,1.0,0.0,2.0,0.0,0.0,0.0,1.0,0.0,0.0,733.548458776987
VILLA TERESITA-ENGATIVÁ,13,2,2,0,4,3,1,1,3867.0,1162.0,9.0,24.0,6.0,0.0,0.0,7.0,1.0,0.0,0.0,2.0,0.0,0.0,0.0,1037.7685544298115
VILLA TIMIZA-KENNEDY,1,0,0,1,0,0,0,0,311.0,111.0,0.0,0.0,0.0,0.0,0.0,1.0,0.0,0.0,0.0,0.0,0.0,0.0,0.0,781.3304008221072
VILLA XIMENA-TUNJUELITO,1,0,1,0,0,0,0,0,966.0,326.0,4.0,24.0,12.0,0.0,1.0,1.0,0.0,0.0,0.0,0.0,0.0,0.0,0.0,1236.108986444799
VILLA ZARZAMORA-KENNEDY,4,0,2,1,0,1,0,0,2356.0,735.0,2.0,1.0,0.0,0.0,0.0,0.0,0.0,0.0,0.0,0.0,0.0,0.0,0.0,647.8162853717258
VILLABEL-SAN CRISTÓBAL,4,1,1,1,0,1,0,0,0.0,0.0,0.0,0.0,0.0,0.0,0.0,0.0,0.0,0.0,1.0,0.0,0.0,0.0,0.0,948.0400761447864
VILLAS DE ARANJUEZ-USAQUÉN,21,2,4,3,5,1,2,4,9657.0,3454.0,0.0,0.0,20.0,0.0,0.0,2.0,2.0,0.0,0.0,3.0,0.0,0.0,0.0,638.9199987490392
VILLAS DE BOLIVAR-CIUDAD BOLÍVAR,12,1,3,2,4,1,1,0,2636.0,724.0,1.0,4.0,0.0,0.0,1.0,12.0,0.0,0.0,0.0,1.0,0.0,1.0,0.0,662.6941965875772
VILLAS DE GRANADA-ENGATIVÁ,381,24,65,57,68,67,28,72,11535.0,3743.0,10.0,417.0,279.0,0.0,15.0,2.0,9.0,0.0,0.0,4.0,1.0,7.0,1.0,14.060473482290693
VILLAS DE KENNEDY-KENNEDY,13,2,2,2,0,3,2,2,2025.0,637.0,0.0,2.0,1.0,0.0,0.0,0.0,0.0,0.0,0.0,0.0,0.0,0.0,0.0,785.4008235825625
VILLAS DE SAN JOAQUIN-CIUDAD BOLÍVAR,1,0,1,0,0,0,0,0,511.0,159.0,0.0,2.0,0.0,0.0,0.0,0.0,1.0,0.0,0.0,1.0,0.0,0.0,0.0,486.61810166164446
VILLAS DE VIZCAYA-BOSA,3,0,1,1,1,0,0,0,7665.0,2193.0,0.0,6.0,3.0,0.0,0.0,1.0,0.0,0.0,0.0,0.0,1.0,0.0,0.0,655.7097334828459
VILLAS DEL DORADO SAN ANTONIO-ENGATIVÁ,19,1,4,1,2,1,6,4,5805.0,1818.0,1.0,0.0,0.0,0.0,0.0,0.0,3.0,0.0,0.0,0.0,0.0,1.0,0.0,304.39048284382704
VILLAS DEL MADRIGAL-ENGATIVÁ,65,6,7,7,16,8,11,10,5637.0,1803.0,6.0,193.0,23.0,0.0,10.0,0.0,3.0,0.0,0.0,5.0,0.0,7.0,0.0,584.4197615587943
VILLAS DEL PROGRESO-BOSA,28,1,4,3,2,6,5,7,196.0,59.0,1.0,1.0,0.0,0.0,1.0,1.0,0.0,0.0,0.0,0.0,0.0,0.0,0.0,1240.3241951660514
VILLAS DEL PROGRESO-CIUDAD BOLÍVAR,4,1,1,2,0,0,0,0,1413.0,440.0,0.0,0.0,0.0,0.0,0.0,3.0,1.0,0.0,0.0,0.0,0.0,0.0,0.0,528.6567069889464
VILLAS DEL RECUERDO-RAFAEL URIBE,3,0,0,0,0,1,1,1,759.0,232.0,0.0,1.0,1.0,0.0,0.0,4.0,0.0,0.0,0.0,1.0,0.0,0.0,0.0,836.347386629063
VILLAS DEL RINCON-SUBA,10,1,2,2,0,3,2,0,1937.0,525.0,0.0,8.0,1.0,0.0,0.0,1.0,0.0,0.0,0.0,1.0,0.0,0.0,0.0,802.5576316441908
VILLAS EL DIAMANTE-CIUDAD BOLÍVAR,11,0,3,3,0,3,1,1,2168.0,637.0,11.0,2.0,0.0,1.0,2.0,50.0,11.0,0.0,0.0,1.0,0.0,2.0,0.0,636.8432365978754
VILLEMAR-FONTIBÓN,108,10,13,14,15,19,17,20,9714.0,3495.0,52.0,269.0,120.0,1.0,8.0,6.0,8.0,0.0,3.0,15.0,1.0,5.0,1.0,244.84072592663966
VISION DE COLOMBIA-KENNEDY,47,0,10,6,6,7,7,11,4288.0,1492.0,6.0,81.0,17.0,13.0,4.0,3.0,7.0,0.0,0.0,0.0,0.0,4.0,0.0,1203.3161838349974
VISTA BELLA II SECTOR-SUBA,1,0,0,0,1,0,0,0,146.0,31.0,2.0,13.0,9.0,0.0,0.0,1.0,0.0,0.0,0.0,0.0,0.0,1.0,0.0,353.8728695372844
VISTA BELLA-SUBA,2,0,1,0,0,1,0,0,575.0,155.0,0.0,15.0,9.0,0.0,0.0,0.0,2.0,0.0,0.0,0.0,0.0,0.0,0.0,437.1177949385512
VISTA HERMOSA-CIUDAD BOLÍVAR,43,2,4,5,8,8,9,7,13299.0,4035.0,1.0,12.0,11.0,0.0,1.0,57.0,5.0,0.0,0.0,1.0,0.0,4.0,1.0,33.032694740537316
VISTA HERMOSA-KENNEDY,1,0,0,0,1,0,0,0,161.0,52.0,0.0,4.0,3.0,0.0,0.0,1.0,0.0,0.0,0.0,0.0,0.0,0.0,0.0,520.8274528579775
VISTA HERMOSA-SUBA,5,0,2,0,0,0,1,2,0.0,0.0,0.0,0.0,0.0,0.0,0.0,0.0,0.0,0.0,0.0,0.0,0.0,0.0,0.0,1324.1022553561154
VITELMA-SAN CRISTÓBAL,25,2,3,6,3,3,5,3,1740.0,473.0,0.0,3.0,3.0,0.0,3.0,4.0,0.0,0.0,0.0,0.0,0.0,0.0,0.0,1033.701251048332
VOTO NACIONAL-LOS MÁRTIRES,286,28,44,34,39,32,62,47,1247.0,699.0,91.0,420.0,37.0,0.0,9.0,22.0,2.0,0.0,0.0,18.0,2.0,0.0,1.0,319.4750433812547
YOMASA NORTE-USME,23,3,2,0,4,2,6,6,10.0,6.0,0.0,0.0,0.0,0.0,1.0,0.0,2.0,0.0,1.0,0.0,0.0,0.0,0.0,1303.6428084823388
YOMASITA-USME,16,3,1,1,2,2,3,4,514.0,158.0,0.0,1.0,0.0,0.0,0.0,42.0,0.0,0.0,0.0,4.0,0.0,0.0,0.0,1335.0980232397799
ZARZAMORA-ENGATIVÁ,27,3,6,3,4,3,3,5,2392.0,964.0,0.0,1.0,35.0,0.0,2.0,0.0,2.0,0.0,0.0,0.0,0.0,1.0,0.0,430.8090605488921
ZONA INDUSTRIAL-TUNJUELITO,13,1,1,2,4,4,1,0,194.0,66.0,23.0,6.0,13.0,0.0,0.0,2.0,1.0,0.0,0.0,0.0,0.0,0.0,0.0,873.2850253805899
